"Post ID","Page ID","Page name",Title,Description,"Duration (sec)","Publish time","Caption type",Permalink,"Is crosspost","Is share","Post type",Languages,"Custom labels","Funded content status","Data comment",Date,Views,Reach,"Reactions, Comments and Shares",Reactions,Comments,Shares,"Total clicks","Matched Audience Targeting Consumption (Photo Click)","Other Clicks","Seconds viewed","Average Seconds viewed","Estimated earnings (USD)","Ad CPM (USD)","Ad impressions","Link Clicks"
122184494114383179,61561495390240,"JUANKada Host Ikay","A year older today! 🎉

Thankful for all the blessings, the lessons, and every little moment that made me stronger.

Super grateful din sa inyo, Kikays — salamat sa love, support, at kulitan everyday! 🥰

To more smiles, wins, and good vibes ahead. Manifesting happier days and new beginnings! ✨

Comment “🎂” to wish me a happy birthday!

#Juan365Studios #ALLINJUANLIVE #Juan365 #ColorGameLive #JuankadaIkay","A year older today! 🎉

Thankful for all the blessings, the lessons, and every little moment that made me stronger.

Super grateful din sa inyo, Kikays — salamat sa love, support, at kulitan everyday! 🥰

To more smiles, wins, and good vibes ahead. Manifesting happier days and new beginnings! ✨

Comment “🎂” to wish me a happy birthday!

#Juan365Studios #ALLINJUANLIVE #Juan365 #ColorGameLive #JuankadaIkay",18,"12/31/2025 23:22",N/A,https://www.facebook.com/reel/1549172982956367/,0,0,Videos,,,,,Lifetime,1444,369,72,68,3,1,24,,24,14187.041,14.965,0,0,0
122184577460383179,61561495390240,"JUANKada Host Ikay","Don't leave me dancin' alone 🎶🫶

Good thing sinamahan ako ni Juankada Lance sa trend na ‘to! 

Kanino mas bagay yung trend na 'to? Comment na, Kikays! 🌸

#Juan365Studios
#ALLINJUANLIVE #Juan365 #ColorGameLive #JuankadaIkay","Don't leave me dancin' alone 🎶🫶

Good thing sinamahan ako ni @[61584243275518:2048:Juankada Lance] sa trend na ‘to! 

Kanino mas bagay yung trend na 'to? Comment na, Kikays! 🌸

#Juan365Studios
#ALLINJUANLIVE #Juan365 #ColorGameLive #JuankadaIkay",15,"01/01/2026 20:14",N/A,https://www.facebook.com/reel/856971900558109/,0,0,Videos,,,,,Lifetime,1824,730,41,39,0,2,36,,36,13266.612,9.974,0,0,0
122184669344383179,61561495390240,"JUANKada Host Ikay","JUANKada Host Ikay updated their cover photo.",,0,"01/02/2026 18:39",N/A,https://www.facebook.com/photo.php?fbid=122184669344383179&set=a.122140909430383179&type=3,0,0,Photos,,,,,Lifetime,0,0,7,7,0,0,0,,,,,,,
122184689018383179,61561495390240,"JUANKada Host Ikay","LIVE na ako, Kikays! 🌸

Watch me NOW para good vibes from afternoon hanggang gabi niyo ✨

Hihintayin ko kayo sa live ha! 😉

#Juan365Studios #ALLINJUANLIVE #Juan365 #ColorGameLive #JuankadaIkay #Kikays",,0,"01/02/2026 23:44",N/A,https://www.facebook.com/JUANKadaHostIkayOfficialPage/posts/pfbid02rzZmsSmMtRywGuGZGUPVKdwjVauGAQ49JVhaPv6TFkU56zt8H6csR5riMKzp15GZl,0,0,Photos,,,,,Lifetime,431,184,16,14,1,1,38,12,26,,,,,
122104920183185509,61585565286734,"JuanKada Star","Pink mood, pretty vibe, confident heart 🌸

Sabay-sabay tayong mag-glow, Star Babies! ⭐️

#Juan365Studios #ALLINJUANLIVE #Juan365 #ColorGameLive #JuankadaStar #StarBabies",,0,"01/02/2026 23:36",N/A,https://www.facebook.com/JuanKadaStarOfficialPage/posts/pfbid02SEnE8yGLcKcC9vsXQvxVmwSJq7wUngtEGKV1PjPBquAwEFWxxvAJbHdwwL9zrZz5l,0,0,Photos,,,,,Lifetime,111,39,11,9,1,1,24,14,10,,,,,,
122104886637185509,61585565286734,"JuanKada Star",⭐️,"Serving looks, serving energy, and maybe stealing your attention too! 🥰

Strong, fearless, unstoppable — that’s how we do it, Star Babies! Own your power every single day ⭐️🩷

#Juan365Studios #ALLINJUANLIVE #Juan365 #ColorGameLive #JuankadaStar #StarBabies",14,"01/02/2026 20:07",N/A,https://www.facebook.com/reel/1574867356880699/,0,0,Videos,,,,,Lifetime,125,33,12,10,0,2,2,,2,488.149,5.084,0,0,0,
122104867689185509,61585565286734,"JuanKada Star","JuanKada Star updated their cover photo.",,0,"01/02/2026 18:38",N/A,https://www.facebook.com/photo.php?fbid=122104867689185509&set=a.122101646277185509&type=3,0,0,Photos,,,,,Lifetime,419,198,16,14,1,1,1,,1,,,,,,
122104826343185509,61585565286734,"JuanKada Star","Star Babies! Abangan niyo ako sa Color Game from 6AM–2PM! ⭐️✨ 

Marami pang shining moments ang mangyayari kaya stay tuned! 😎

#Juan365Studios #ALLINJUANLIVE #Juan365 #ColorGameLive #JuankadaStar #StarBabies",,0,"01/02/2026 14:17",N/A,https://www.facebook.com/JuanKadaStarOfficialPage/posts/pfbid0e4Be68t4VPSUXtwg3RnLh2EFcsAcbHLUi1t7LgiXQSqxsMBG6kt6c92FSeD4xw7Ll,0,0,Photos,,,,,Lifetime,298,131,13,11,0,2,13,10,3,,,,,,
122104633419185509,61585565286734,"JuanKada Star","Salamat sa lahat ng sumama sa amin nina Juankada Alexchoozy, at Juankada Papa Joe sa live kanina! 😎

Nag-enjoy ba kayo, Star Babies? 🌟 Abangan niyo lang kami palagi sa Color Game para sa mas maraming fun, tawa, at syempre surpresa pa rin sa inyo!

#Juan365Studios #ALLINJUANLIVE #Juan365 #ColorGameLive #JuankadaStar #StarBabies",,0,"01/02/2026 02:11",N/A,https://www.facebook.com/JuanKadaStarOfficialPage/posts/pfbid0vQg3kJkhNyWgxRueHtmV59FAvVUV6Dm86g94jjtzBs6exE77qz1bQQcyUekXPdEcl,0,0,Photos,,,,,Lifetime,242,101,17,14,2,1,30,11,19,,,,,,
122104516509185509,61585565286734,"JuanKada Star","Star Babies, nasaan na kayo? 👀🔥

Tara na! Live na live ako now sa Color Game!

See you there! 😍

#Juan365Studios #ALLINJUANLIVE #Juan365 #ColorGameLive #JuankadaStar #StarBabies",,0,"01/01/2026 16:52",N/A,https://www.facebook.com/JuanKadaStarOfficialPage/posts/pfbid0wtQMpAagK3zpkd23yBEC28UKNY2Fgq8wzfipg8Xg19zsJHKdvzo1z32Pfwcme3X2l,0,0,Photos,,,,,Lifetime,1021,417,36,33,0,3,102,53,49,,,,,,
122104123587185509,61585565286734,"JuanKada Star","Kamusta, Star Babies? ⭐️

Sana masaya at puno ng good energy ang simula ng 2026 niyo! Sama-sama tayong mag shine this year 🥰

#Juan365Studios #ALLINJUANLIVE #Juan365 #ColorGameLive #JuankadaIkay",,0,"12/31/2025 21:14",N/A,https://www.facebook.com/JuanKadaStarOfficialPage/posts/pfbid03DoAmYeMpCj44Wk2VWxfwgStjgaAK4QmAfVKFugT8wAy36UtaXdTaD8UKCMwDpCbl,0,0,Photos,,,,,Lifetime,228,81,8,7,0,1,5,3,2,,,,,,
122103968535185509,61585565286734,"JuanKada Star","Good morning! 🌞 It’s your Juankada star ✨ Join me with Juankada Shann  and Sabbie—watch now on the Juan365 app and website!

#Juan365 #Juan365Studios #ALLINJUANLIVE #Juan365ColorGame",,0,"12/31/2025 16:50",N/A,https://www.facebook.com/JuanKadaStarOfficialPage/posts/pfbid0groDeg3Nzb3KqjT6QqhZzrEEWxSMZhaK3UrBa7ybF9YR7h8tDMB6sDfW3LXKcp95l,0,0,Photos,,,,,Lifetime,818,321,35,31,2,2,51,29,22,,,,,,
122103331443185509,61585565286734,"JuanKada Star","Despite all the challenges and tough decisions, I’m grateful I made it through this year. 🤍

Samahan niyo ako, my Star Babies, sa 2026 na puno ng saya, ngiti, at pag-asa.

Here’s to making 2026 our year! ⭐️

#Juan365Studios #ALLINJUANLIVE #Juan365 #ColorGameLive #JuankadaStar",,0,"12/31/2025 01:00",N/A,https://www.facebook.com/JuanKadaStarOfficialPage/posts/pfbid0tH3kQtPpTzkY4BX979v4CnF7KRH4iXU6edwKy9LKnbQ9NvFeHjrbbHR3fMejiHDXl,0,0,Photos,,,,,Lifetime,161,67,5,4,0,1,4,,4,,,,,,
122115400749067884,61582036535912,JuanSports,"𝐆𝐈𝐀𝐍𝐍𝐈𝐒 𝐓𝐀𝐊𝐈𝐍𝐆 𝐎𝐕𝐄𝐑!

Juankada, tap ♥️ kung MVP kay Giannis or comment kung solid!

#GiannisAntetokounmpo #GreekFreak #NBANight #Buckets #Juan365PH #AllInJuanSaSaya #JuanKada #JuanSports",,0,"01/02/2026 23:04",N/A,https://www.facebook.com/JuanSportsOfficial/posts/pfbid02dSUH1QYVe8Mfbk73v9w2KVU6GeRJHfQfpYpGrYYnsVmrDaM9SGhFhU4T1Dv1M8d2l,0,0,Photos,,,,,Lifetime,284,225,11,7,1,3,3,2,1,,,,,
122115317775067884,61582036535912,JuanSports,"lebron james highlights 👑

Follow for more! 

#LeBronJames #KingJames #NBAHighlights #GOATTalk #BasketballLegend #NBAReels #Hoops #LebronHighlights #Juan365PH #AllInJuanSaSaya #J","lebron james highlights 👑

Follow for more! 

#LeBronJames #KingJames #NBAHighlights #GOATTalk #BasketballLegend #NBAReels #Hoops #LebronHighlights #Juan365PH #AllInJuanSaSaya #J",24,"01/02/2026 02:00",N/A,https://www.facebook.com/reel/1204855988290641/,1,0,Videos,,,,,Lifetime,402,397,17,14,1,2,6,,6,2222.904,6.518,0,0,0
122115304623067884,61582036535912,JuanSports,"𝟒𝟓 𝐏𝐎𝐈𝐍𝐓𝐒 𝐀𝐋𝐄𝐑𝐓!
Kawhi Leonard doing it all sa clutch moments 😮‍🔥

Juankada, tap ♥️ kung ramdam nyo energy nito and follow for more!

#KawhiLeonard #Juankada #NBANight #BeastMode #Buckets #Juan365PH #AllInJuanSaSaya #JuanKada #JuanSports",,0,"01/01/2026 23:11",N/A,https://www.facebook.com/JuanSportsOfficial/posts/pfbid02Lcu1rD8rMentzTukhqk9cvdRZbCECPQc8yUCMnaCCRvpLbzErnTa4JKTxjQb5wTCl,0,0,Photos,,,,,Lifetime,1001,696,31,30,0,1,8,3,5,,,,,
122115298083067884,61582036535912,JuanSports,"Victor Wembanyama heads to the locker room with an apparent leg injury. Prayers up! 🙏

#VictorWembanyama #NBA #InjuryUpdate #PrayersUp #BasketballLife #HoopsPH #GameTime #TrendingNow #SportsUpdate #StayStrong #Juan365PH #AllInJuanSaSaya #JuanKada #JuanSports",,0,"01/01/2026 21:10",N/A,https://www.facebook.com/JuanSportsOfficial/posts/pfbid02nuuZu2ceGak6zqAr2z8uZv8GUZWMp2dq3KdSXBjWdNmuwqVSeW7wPzfzS18W9iuzl,0,0,Photos,,,,,Lifetime,222,156,7,6,0,1,3,3,,,,,,
122115295563067884,61582036535912,JuanSports,"𝐓𝐘𝐑𝐄𝐒𝐄 𝐌𝐀𝐗𝐄𝐘 𝐖𝐈𝐓𝐇 𝐓𝐇𝐄 𝐓𝐑𝐈𝐏𝐋𝐄-𝐃𝐎𝐔𝐁𝐋𝐄!
34PTS, 8REB, 10AST all-around domination, Juankada 😎🔥

Juankada, sino sa tingin nyo MVP ng game na ito? 👉 Comment mo na!

#TyreseMaxey #NBANight #Juankada #TripleDouble #Buckets #Juan365PH #AllInJuanSaSaya #JuanKada #JuanSports",,0,"01/01/2026 20:40",N/A,https://www.facebook.com/JuanSportsOfficial/posts/pfbid0QvE2G86VFpfd5WwDZPBg2yD8hq6yHQcgYZo8qYrxVcLhPv9fEWvAChY113k94Jqbl,0,0,Photos,,,,,Lifetime,195,140,6,5,0,1,0,,,,,,,
122115289371067884,61582036535912,JuanSports,"𝐍𝐎𝐑𝐌𝐀𝐍 𝐏𝐎𝐖𝐄𝐋𝐋 𝐄𝐗𝐏𝐋𝐎𝐃𝐄𝐒!
36PTS, 2REB, 2AST  pure bucket-getter mode, Juankada 😮‍🔥💥

Juankada, rate this performance 1–10! 👀

#NormanPowell #NBANight #Juankada #Buckets #HoopsVibes #ScoringMode #Juan365PH #AllInJuanSaSaya #JuanKada #JuanSports",,0,"01/01/2026 19:14",N/A,https://www.facebook.com/JuanSportsOfficial/posts/pfbid02Rp6gBw4Axa2Ma1gq7Wu18M4GfSjNxbnowAM6jmiqH3Vd3e3pV3t2ccUvVmoHE4nWl,0,0,Photos,,,,,Lifetime,151,99,4,4,0,0,3,1,2,,,,,
122115194709067884,61582036535912,JuanSports,"𝐒𝐇𝐀𝐈 𝐆𝐈𝐋𝐆𝐄𝐎𝐔𝐒-𝐀𝐋𝐄𝐗𝐀𝐍𝐃𝐄𝐑 𝐓𝐀𝐊𝐈𝐍𝐆 𝐎𝐕𝐄𝐑!
30PTS, 2REB, 6AST clutch at smooth sa court, Juankada 😎💥

Juankada, sino pa ang feeling MVP vibes 👉 Comment mo na!

#ShaiGilgeousAlexander #SGA #NBANight #Juankada #Buckets #HoopsVibes 
#Juan365PH #AllInJuanSaSaya #JuanKada #JuanSports",,0,"12/31/2025 22:20",N/A,https://www.facebook.com/JuanSportsOfficial/posts/pfbid021sAX7dyZo5mAKwrbrh5NRkQhBkeFVGTZRaehQALAb8dB5ouTjdTCGk7LXuTZv3Qel,0,0,Photos,,,,,Lifetime,625,449,20,16,3,1,3,1,2,,,,,
122115193119067884,61582036535912,JuanSports,"𝐉𝐔𝐋𝐈𝐀𝐍 𝐂𝐇𝐀𝐌𝐏𝐀𝐆𝐍𝐈𝐄 𝐎𝐍 𝐅𝐈𝐑𝐄!🔥 
36PTS, 6REB, 0AST pure scoring mode, Juankada 😎

Juanabies, sino pa ang impressed sa shooting spree nito? 👉 Drop a 🔥 sa comments!

#Juan365PH #AllInJuanSaSaya #JuanKada #JuanSports #JulianChampagnie #NBANight #Juankada #Buckets #ScoringMachine #HoopsVibes",,0,"12/31/2025 21:58",N/A,https://www.facebook.com/JuanSportsOfficial/posts/pfbid02GrFyUUA3kzXxbQaPjm6sW7Qepdp74kYbKS7iKQ6gho42tCRPNGYcXbDMQ3QbZuVyl,0,0,Photos,,,,,Lifetime,270,160,22,16,5,1,12,3,9,,,,,
122115188667067884,61582036535912,JuanSports,"𝐃𝐎𝐍𝐎𝐕𝐀𝐍 𝐌𝐈𝐓𝐂𝐇𝐄𝐋𝐋 𝐆𝐎𝐈𝐍𝐆 𝐁𝐄𝐀𝐒𝐓 𝐌𝐎𝐃𝐄!
34PTS, 10REB, 7AST almost a triple-double, Juankada 😎🔥

Juankada, sino ang ramdam nyo MVP vibes ngayon? 👉 Comment mo na!

#DonovanMitchell #NBANight #Juankada #Buckets #HoopsVibes #AlmostTripleDouble #Juan365PH #AllInJuanSaSaya #JuanKada #JuanSports",,0,"12/31/2025 21:13",N/A,https://www.facebook.com/JuanSportsOfficial/posts/pfbid0huxN2AhAsx3uxJEJrsceUFMgW7WvsTFbZP1xRpYWH5Jn6drkwVctm4buqZfrcq9Ql,0,0,Photos,,,,,Lifetime,141,90,11,11,0,0,3,2,1,,,,,
122115177597067884,61582036535912,JuanSports,"𝐒𝐓𝐄𝐏𝐇𝐄𝐍 𝐂𝐔𝐑𝐑𝐘 𝐂𝐎𝐎𝐊𝐈𝐍𝐆!

26PTS, 2REB, 4AST  splash mode ON, Juankada 😮‍🔥🎯
Juankada, ilang tres ang ramdam mo? 

#StephenCurry #NBANight #Juankada #SplashMode #Buckets #HoopsVibes #Juan365PH #AllInJuanSaSaya #JuanKada #JuanSports",,0,"12/31/2025 19:13",N/A,https://www.facebook.com/JuanSportsOfficial/posts/pfbid0K3pN4QayXfFfqp5LNjRDwDsC9erSVcP22o1rx5tXbFWwLiPyJRi7wodXkp2k2JJJl,0,0,Photos,,,,,Lifetime,289,185,12,10,2,0,2,,2,,,,,
122115170655067884,61582036535912,JuanSports,"𝘽𝙖𝙨𝙠𝙚𝙩𝙗𝙖𝙡𝙡 𝘾𝙝𝙖𝙡𝙡𝙚𝙣𝙜𝙚, 𝙅𝙪𝙖𝙣𝙠𝙖𝙙𝙖!

Sino kaya ang player na nagpa-wow sa court? I-drop ang guess mo sa comments ❤️
Share na at tingnan kung sino ang tunay na fan! 🏀

#Juan365PH #AllInJuanSaSaya #JuanKada #JuankadaGuess #BasketballVibes #SportsChallenge #TrendingNow #GameOn #HoopsPH #GuessThePlayer #AllInJuanSaSaya #JuanKada #JuanSports",,0,"12/31/2025 18:00",N/A,https://www.facebook.com/JuanSportsOfficial/posts/pfbid0R4xjT6qMgeq9qr8FxHXPKf5VDGxHoZnsheRM287tXqBPZp1DxqJk2dy6Rj1GqyRxl,0,0,Photos,,,,,Lifetime,434,222,37,14,14,9,14,,14,,,,,
122115082191067884,61582036535912,JuanSports,"𝘽𝙖𝙨𝙠𝙚𝙩𝙗𝙖𝙡𝙡 𝘾𝙝𝙖𝙡𝙡𝙚𝙣𝙜𝙚, 𝙅𝙪𝙖𝙣𝙠𝙖𝙙𝙖!

Sino kaya ang player na nagpa-wow sa court? I-drop ang guess mo sa comments ❤️
Share na at tingnan kung sino ang tunay na fan! 🏀

#Juan365PH #AllInJuanSaSaya #JuanKada #JuankadaGuess #BasketballVibes #SportsChallenge #TrendingNow #GameOn #HoopsPH #GuessThePlayer #AllInJuanSaSaya #JuanKada #JuanSports","𝘽𝙖𝙨𝙠𝙚𝙩𝙗𝙖𝙡𝙡 𝘾𝙝𝙖𝙡𝙡𝙚𝙣𝙜𝙚, 𝙅𝙪𝙖𝙣𝙠𝙖𝙙𝙖!

Sino kaya ang player na nagpa-wow sa court? I-drop ang guess mo sa comments ❤️
Share na at tingnan kung sino ang tunay na fan! 🏀

#Juan365PH #AllInJuanSaSaya #JuanKada #JuankadaGuess #BasketballVibes #SportsChallenge #TrendingNow #GameOn #HoopsPH #GuessThePlayer #AllInJuanSaSaya #JuanKada #JuanSports",10,"12/31/2025 02:01",N/A,https://www.facebook.com/reel/1592058865546010/,1,0,Videos,,,,,Lifetime,457,360,19,13,3,3,13,,13,1324.002,3.637,0,0,0
122109877881144249,61584327477246,"Juankada Alexchoozy","𝑱𝒖𝒂𝒏𝒌𝒂𝒅𝒂 𝑯𝒐𝒔𝒕𝒔 𝑵𝒆𝒘 𝒀𝒆𝒂𝒓’𝒔 𝑹𝒆𝒔𝒐𝒍𝒖𝒕𝒊𝒐𝒏𝒔 (𝑷𝒂𝒓𝒕 𝑰𝑰)✨","EP4: 𝑱𝒖𝒂𝒏𝒌𝒂𝒅𝒂 𝑯𝒐𝒔𝒕𝒔 𝑵𝒆𝒘 𝒀𝒆𝒂𝒓’𝒔 𝑹𝒆𝒔𝒐𝒍𝒖𝒕𝒊𝒐𝒏𝒔 (𝑷𝒂𝒓𝒕 𝑰𝑰)✨

Mga Ka-Chooziness, ano ang New Year’s resolution mo this 2026? 📝
Comment below 💬 and let’s inspire each other!

#NewYearNewGoals #EP4 #JuankadaVibes #Juan365Studios #Juan365 #JuankadaHosts #KaChooziness",168,"12/31/2025 02:00",N/A,https://www.facebook.com/reel/25657644713929795/,0,0,Videos,,,,,Lifetime,151,82,15,12,3,0,6,,6,1382.549,11.332,0,0,0
122110410405144249,61584327477246,"Juankada Alexchoozy","Hi Juankada, today is my restday pero di tayo titigil to give FUN and SHARE our Talent to everyJUAN. Sharing you some clips from my Hosting Gig. See you all on Monday 🥰 

#JuankadaAlexchoozy  #CommentYourThoughts #TagAFriend #Followme #KaChooziness! #Juan365 #AllInJuanSaSaya #Juan365Studios #SweetEnergy #DailyBeautyVibes","Hi Juankada, today is my restday pero di tayo titigil to give FUN and SHARE our Talent to everyJUAN. Sharing you some clips from my Hosting Gig. See you all on Monday 🥰 

#JuankadaAlexchoozy  #CommentYourThoughts #TagAFriend #Followme #KaChooziness! #Juan365 #AllInJuanSaSaya #Juan365Studios #SweetEnergy #DailyBeautyVibes",78,"01/02/2026 18:50",N/A,https://www.facebook.com/reel/962830533003582/,0,0,Videos,,,,,Lifetime,84,61,11,10,1,0,5,,5,835.545,13.262,0,0,0
122110408779144249,61584327477246,"Juankada Alexchoozy","Juankada Alexchoozy updated his cover photo.",,0,"01/02/2026 18:39",N/A,https://www.facebook.com/photo.php?fbid=122110408779144249&set=a.122095215045144249&type=3,0,0,Photos,,,,,Lifetime,0,0,15,14,1,0,0,,,,,,,
122110228887144249,61584327477246,"Juankada Alexchoozy","𝗙𝗶𝗿𝘀𝘁 𝗧𝗚𝗜𝗙 𝗳𝗼𝗿 𝟮𝟬𝟮𝟲! Let’s make this day 𝐂𝐎𝐋𝐎𝐑𝐅𝐔𝐋 and 𝐖𝐎𝐍𝐃𝐄𝐑𝐅𝐔𝐋 🥰🌈

Catch me here in 𝐂𝐨𝐥𝐨𝐫 𝐆𝐚𝐦𝐞 𝐋𝐢𝐯𝐞 from 6AM–2PM! See you, mga Ka-Chooziness 🧡💙

#TGIF2026 #ColorGameLive #Juan365PH #KaChooziness #JuankadaVibes #ColorfulDay #AllInJuanLive #Juan365Studios #Juan365 #ALLINJUANLIVE #JuankadaHosts #JuankadaAlexchoozy #KaChooziness","𝗙𝗶𝗿𝘀𝘁 𝗧𝗚𝗜𝗙 𝗳𝗼𝗿 𝟮𝟬𝟮𝟲! Let’s make this day 𝐂𝐎𝐋𝐎𝐑𝐅𝐔𝐋 and 𝐖𝐎𝐍𝐃𝐄𝐑𝐅𝐔𝐋 🥰🌈

Catch me here in 𝐂𝐨𝐥𝐨𝐫 𝐆𝐚𝐦𝐞 𝐋𝐢𝐯𝐞 from 6AM–2PM! See you, mga Ka-Chooziness 🧡💙

#TGIF2026 #ColorGameLive #Juan365PH #KaChooziness #JuankadaVibes #ColorfulDay #AllInJuanLive #Juan365Studios #Juan365 #ALLINJUANLIVE #JuankadaHosts #JuankadaAlexchoozy #KaChooziness",29,"01/01/2026 20:01",N/A,https://www.facebook.com/reel/1170557828398733/,0,0,Videos,,,,,Lifetime,103,87,8,8,0,0,4,,4,683.053,8.229,0,0,0
122110228197144249,61584327477246,"Juankada Alexchoozy","Muli nating balikan ang makulay at masayang 𝑪𝒐𝒍𝒐𝒓 𝑮𝒂𝒎𝒆 kahapon! Isang solid na simula para sa unang araw ng 2026. Salamat Juankada sa walang kupas na saya at energy! 💖🔥

Comment kung nanuod ka | ❤️ React kung ready ulit!

#Juan365PH #ColorGame #JuankadaVibes #2026Start #AllInJuanLive #ColorfulDay #Juan365Studios #Juan365 #ALLINJUANLIVE #JuankadaHosts #JuankadaAlexchoozy #KaChooziness","Muli nating balikan ang makulay at masayang 𝑪𝒐𝒍𝒐𝒓 𝑮𝒂𝒎𝒆 kahapon! Isang solid na simula para sa unang araw ng 2026. Salamat Juankada sa walang kupas na saya at energy! 💖🔥

Comment kung nanuod ka | ❤️ React kung ready ulit!

#Juan365PH #ColorGame #JuankadaVibes #2026Start #AllInJuanLive #ColorfulDay #Juan365Studios #Juan365 #ALLINJUANLIVE #JuankadaHosts #JuankadaAlexchoozy #KaChooziness",55,"01/01/2026 18:40",N/A,https://www.facebook.com/reel/2236221213568818/,0,0,Videos,,,,,Lifetime,116,82,11,10,0,1,3,,3,697.599,6.772,0,0,0
122110076913144249,61584327477246,"Juankada Alexchoozy","𝐉𝐮𝐚𝐧𝟑𝟔𝟓 : 𝟏𝐬𝐭 𝐝𝐚𝐲 𝐨𝐟 𝟑𝟔𝟓 𝐝𝐚𝐲𝐬 (𝟏/𝟑𝟔𝟓)

Mga juankada at ka-chooziness! Sabay-sabay nating simulan paikutin ang ating kapalaran. Let’s start 2026 with full of Fun, Excitement and Good Vibes! 😎 

👉 Let’s make our lives 𝑪𝑶𝑳𝑶𝑹𝑭𝑼𝑳. 𝑫𝒐𝒖𝒃𝒍𝒆 𝒕𝒉𝒆 𝑭𝒖𝒏, 𝑻𝒓𝒊𝒑𝒍𝒆 𝒕𝒉𝒆 𝑬𝒙𝒄𝒊𝒕𝒆𝒎𝒆𝒏𝒕 with 𝑪𝑶𝑳𝑶𝑹𝑮𝑨𝑴𝑬 𝑳𝑰𝑽𝑬 only in 𝑱𝑼𝑨𝑵365.

#Juan365Studios #Juan365 #ALLINJUANLIVE #JuankadaHosts #JuankadaAlexchoozy #KaChooziness! #1of365 #NewBeginnings #GoodVibesOnly #DayOne #FreshStart #TrendingNow",,0,"12/31/2025 21:06",N/A,https://www.facebook.com/JuankadaAlexchoozyOfficialPage/posts/pfbid02tLeiaMQDfj7KKrodzKEpbRQBJ8n7AEaJZMZKQjJiR22AHNpoCpFBEAH6ox8ohezVl,0,0,Photos,,,,,Lifetime,522,231,21,19,1,1,11,1,10,,,,,
122109894531144249,61584327477246,"Juankada Alexchoozy","𝐖𝐞𝐥𝐜𝐨𝐦𝐞 𝟐𝟎𝟐𝟔!","𝐌𝐠𝐚 𝐤𝐚-𝐂𝐡𝐨𝐨𝐳𝐢𝐧𝐞𝐬𝐬!🎉

Simulan natin ang 2026 nang COLORFUL at puno ng GAMEFUL moments!

Watch and play kasama kami sa COLORGAME LIVE, exclusively sa JUAN365! 💚💙❤️🤍💛🩷

𝐀𝐋𝐋 𝐢𝐧 𝐉𝐔𝐀𝐍 𝐬𝐚 𝐬𝐚𝐲𝐚! ✨

#ColorGameLive #GoodVibesOnly #Gameful2026 #KulitanTime #LiveFun #TrendingNow #JuanKada #EntertainmentPH #Juan365Studios #Juan365 #ALLINJUANLIVE #JuankadaHosts #JuankadaAlexchoozy #KaChooziness!",21,"12/31/2025 18:00",N/A,https://www.facebook.com/reel/4321914381427900/,0,0,Videos,,,,,Lifetime,180,119,13,10,3,0,10,,10,776.085,5.924,0,0,0
122109976197144249,61584327477246,"Juankada Alexchoozy","HAPPY NEW YEAR! WELCOME 2026!","From your @[61584327477246:2048:Juankada Alexchoozy], mga Ka-Chooziness, Happy, Happy New Year! 🎉🥂 HELLO 2026! 

Follow me for more saya and good vibes this year! ❤️💙

#KaChooziness #Juankada #HappyNewYear #NewYearVibes #GoodVibesOnly #NewYearNewGoals #JuankadaVibes #GoalSetter #Juan365Studios #Juan365 #ALLINJUANLIVE #JuankadaHosts #JuankadaAlexchoozy",53,"12/31/2025 08:30",N/A,https://www.facebook.com/reel/2047573482733049/,0,0,Videos,,,,,Lifetime,151,121,17,17,0,0,8,,8,1533.691,13.108,0,0,0
122107437015170300,61585109026232,"Juankada Charm","✨Hi Lucky Charms!✨

BTS natin from last night: Awra muna before live natin kagabi 😘

Gusto niyo pa ba makakita ng other BTS content natin? Let me know! 🤔

#Juan365Studios #Juan365 #ALLINJUANSASAYA #JuankadaHosts #JuankadaCharm #LuckyCharms","✨Hi Lucky Charms!✨

BTS natin from last night: Awra muna before live natin kagabi 😘

Gusto niyo pa ba makakita ng other BTS content natin? Let me know! 🤔

#Juan365Studios #Juan365 #ALLINJUANSASAYA #JuankadaHosts #JuankadaCharm #LuckyCharms",16,"01/02/2026 22:47",N/A,https://www.facebook.com/reel/1593284341866766/,0,0,Videos,,,,,Lifetime,64,42,1,1,0,0,0,,,434.305,10.34,0,0,0
122107226871170300,61585109026232,"Juankada Charm","✨Lucky Charms!✨

Focus sa goal ngayong 2026, pero hindi masamang maging crush ng bayan on the side, charot! 😘

Drop a ""💖"" para sa ating new goals and missions this year!

#Juan365Studios #Juan365 #ALLINJUANSASAYA #JuankadaHosts #JuankadaCharm #LuckyCharms","✨Lucky Charms!✨

Focus sa goal ngayong 2026, pero hindi masamang maging crush ng bayan on the side, charot! 😘

Drop a ""💖"" para sa ating new goals and missions this year!

#Juan365Studios #Juan365 #ALLINJUANSASAYA #JuankadaHosts #JuankadaCharm #LuckyCharms",16,"01/02/2026 00:31",N/A,https://www.facebook.com/reel/1171128538522846/,0,0,Videos,,,,,Lifetime,80,48,5,5,0,0,5,,5,477.848,8.099,0,0,0
122107192407170300,61585109026232,"Juankada Charm","✨Hi Lucky Charms!✨

Trying something new para sa salubong ng 2026! 🥶

Bagay ba ang ganitong OOTD para sainyong Lucky Charm? 

Comment your thoughts Juankada! 😘

#Juan365Studios #Juan365 #ALLINJUANSASAYA #JuankadaHosts #JuankadaCharm #LuckyCharms","✨Hi Lucky Charms!✨

Trying something new para sa salubong ng 2026! 🥶

Bagay ba ang ganitong OOTD para sainyong Lucky Charm? 

Comment your thoughts Juankada! 😘

#Juan365Studios #Juan365 #ALLINJUANSASAYA #JuankadaHosts #JuankadaCharm #LuckyCharms",14,"01/01/2026 20:00",N/A,https://www.facebook.com/reel/865463389225843/,0,0,Videos,,,,,Lifetime,147,104,9,8,1,0,4,,4,615.509,5.129,0,0,0
122107162737170300,61585109026232,"Juankada Charm","✨ Your Lucky Charm is working!✨

#Juan365Studios #Juan365 #ALLINJUANSASAYA #JuankadaHosts #JuankadaCharm #LuckyCharms",,0,"01/01/2026 17:29",N/A,https://www.facebook.com/permalink.php?story_fbid=pfbid02RhKytbuFExw7xQezKJBTSJbonKNXbDVnEbagPif5vSsSRy2jmANLsGmbq9BRy9EAl&id=61585109026232,0,1,Text,,,,,Lifetime,,22,2,2,0,0,10,,10,,,,,
122107103499170300,61585109026232,"Juankada Charm","Hi Lucky Charms! ✨

Fit check muna tayo  magbigay ng unlimited lucky charms sainyo! 😘

Kita-kits tayo later sa Color Game Live ng Juan365 Studios! 

#Juan365Studios #Juan365 #ALLINJUANSASAYA #JuankadaHosts #JuankadaCharm #LuckyCharms",,0,"01/01/2026 09:40",N/A,https://www.facebook.com/permalink.php?story_fbid=pfbid0cXPwsNHHj2pyVCdAvLLCZscnTsdJcSgANUtpmedruBzMo4ckyD6RdhihNMQEasbVl&id=61585109026232,0,0,Photos,,,,,Lifetime,89,33,8,7,0,1,4,2,2,,,,,
122107066131170300,61585109026232,"Juankada Charm","✨ Hi Lucky Charms! ✨

I’m with Juankada Lance and Juankada Evo 😎
Samahan niyo kami mag-LIVE sa JUAN365 App & Website 🔥
1/365: The First Step!

Juankada, ready na ba kayo sa journey? 😎
Comment ""Ready"" ❤

#Juan365Studios #Juan365 #ALLINJUANSASAYA #JuankadaHosts #JuankadaCharm #LuckyCharms",,0,"01/01/2026 06:15",N/A,https://www.facebook.com/permalink.php?story_fbid=pfbid024EDvXzAiu64Gx59picHM3Xo77zpB4LMh1rcL6H3JRGVkuE5S4KQf1LtH51ncwWpyl&id=61585109026232,0,0,Photos,,,,,Lifetime,588,218,47,44,0,3,27,15,12,,,,,
122106981825170300,61585109026232,"Juankada Charm","Hi Lucky Charms! ✨

Wearing the color of the year today! 🤍

Naniniwala din ba kayo na wearing the color of the year will bring you prosperity this year? 🤔

Comment niyo naman thoughts niyo sa baba! 

#Juan365Studios #Juan365 #ALLINJUANSASAYA #JuankadaHosts #JuankadaCharm #LuckyCharms","Hi Lucky Charms! ✨

Wearing the color of the year today! 🤍

Naniniwala din ba kayo na wearing the color of the year will bring you prosperity this year? 🤔

Comment niyo naman thoughts niyo sa baba! 

#Juan365Studios #Juan365 #ALLINJUANSASAYA #JuankadaHosts #JuankadaCharm #LuckyCharms",12,"01/01/2026 02:30",N/A,https://www.facebook.com/reel/877055318037017/,0,0,Videos,,,,,Lifetime,36,28,5,4,1,0,2,,2,119.458,3.853,0,0,0
122106981777170300,61585109026232,"Juankada Charm","Happy New Year, Lucky Charms! ✨

Day JUAN of 365 na kaya let’s continue our progress for our family, friends, and ourselves! 💖

Let’s start the year right, Juankada! Drop a “😘” kung handa na kayo for this year!

#Juan365Studios #Juan365 #ALLINJUANSASAYA #JuankadaHosts #JuankadaCharm #LuckyCharms","Happy New Year, Lucky Charms! ✨

Day JUAN of 365 na kaya let’s continue our progress for our family, friends, and ourselves! 💖

Let’s start the year right, Juankada! Drop a “😘” kung handa na kayo for this year!

#Juan365Studios #Juan365 #ALLINJUANSASAYA #JuankadaHosts #JuankadaCharm #LuckyCharms",15,"12/31/2025 23:30",N/A,https://www.facebook.com/reel/1183243957330066/,0,0,Videos,,,,,Lifetime,48,23,6,6,0,0,2,,2,201.898,5.938,0,0,0
122106973635170300,61585109026232,"Juankada Charm","Happy New Year, Lucky Charms! 🎆

Mas maraming panalo, mas maraming blessings, at mas makukulay na saya ngayong taon! 🥳

#Juan365 #Juan365Studios #ALLINJUANLIVE #Juan365ColorGame",,0,"12/31/2025 22:14",N/A,https://www.facebook.com/permalink.php?story_fbid=pfbid0e5PHs8YUs5MjU7E9hKXaniGGKqKs4yWdQ5pJtWoY8JxdVmrvju1WD6P9uPBPq8gCl&id=61585109026232,0,1,Videos,,,,,Lifetime,,17,2,2,0,0,0,,,,,,,
122106804843170300,61585109026232,"Juankada Charm","Hello, my Lucky Charms! ✨

Handa na ba kayo salubungin ang new year with unlimited swerte? I got you because your Lucky Charm is always present! 😘

Live na tayo! Now na sa Color Game Live ng Juan365 Studios! 

#Juan365Studios #Juan365 #ALLINJUANSASAYA #JuankadaHosts #JuankadaCharm #LuckyCharms",,0,"12/31/2025 05:37",N/A,https://www.facebook.com/permalink.php?story_fbid=pfbid02TgSBvykbuP4neA5i7iseuJ3tD5rGJp9pX5y3SUyuJ1wbydp8SEjhzdrqE4v2fTm9l&id=61585109026232,0,0,Photos,,,,,Lifetime,130,47,10,8,1,1,14,7,7,,,,,
122106672741170300,61585109026232,"Juankada Charm","Hi Lucky Charms! ✨

Nabigyan ba lahat ng saya at swerte sa ating live kagabi na hatid sainyo ng inyong Lucky Charm? Hopefully, YES! 

Drop a ""😘"" para sa mas madami pang lucky charms sa atin susunod na live!

#Juan365Studios #Juan365 #ALLINJUANSASAYA #JuankadaHosts #JuankadaCharm #LuckyCharms","Hi Lucky Charms! ✨

Nabigyan ba lahat ng saya at swerte sa ating live kagabi na hatid sainyo ng inyong Lucky Charm? Hopefully, YES! 

Drop a ""😘"" para sa mas madami pang lucky charms sa atin susunod na live!

#Juan365Studios #Juan365 #ALLINJUANSASAYA #JuankadaHosts #JuankadaCharm #LuckyCharms",19,"12/31/2025 00:30",N/A,https://www.facebook.com/reel/1569905794052995/,0,0,Videos,,,,,Lifetime,103,83,11,11,0,0,3,,3,637.795,8.176,0,0,0
122110014897147740,61584432221426,"Juankada Evo","LIVE DONE, ENERGY STILL ON 🔥
Shoutout to everyone who played and stayed till the end — you made the live even better 🙌, Catch you on the next Color Game LIVE 😎

If you felt the thrill, hit that follow and turn on notifications 🔔

#Juan365Studios #Juan365 #ALLINJUANLIVE #JuankadaHosts #trend  #newyears2026 #fypシ #FollowNow #Livehosting #artist #TrendingPH #ViralPH #FBReelsPH",,0,"01/02/2026 21:10",N/A,https://www.facebook.com/permalink.php?story_fbid=pfbid0Mp8x1vY8NmgS4gkxEYWmJ7h7jNfhBiK3beeRjMXXuqQ9R4c7hpajZ4w1KaYBQDNil&id=61584432221426,0,0,Photos,,,,,Lifetime,77,34,5,4,1,0,3,2,1,,,,,,
122109924699147740,61584432221426,"Juankada Evo",,,0,"01/02/2026 09:09",N/A,https://www.facebook.com/permalink.php?story_fbid=pfbid036773ipjs3w7xYypUVpaP6tnH57gmrZtSarNJcLATv5MASKe1yQqbajTUaNHGeSjbl&id=61584432221426,0,1,Photos,,,,,Lifetime,79,32,2,2,0,0,4,3,,,,,,,1
122109885615147740,61584432221426,"Juankada Evo","Halina't maglaro ng ColorGame Live! Hayaan nyong salubungin ang Ikalawang araw ng taon na puno ng swerte at pumaldo kasama si Juankada Evo! 🌈💫

Samahan nyo ang team NightShift mamaya 10pm-5am! With Juankada Ligaya Juankada Charm Makisaya at Manalo! Dahil AllinJuan sa Saya dito sa Juan365. 

#Juan365Studios #Juan365 #ALLINJUANLIVE #JuankadaHosts #trend #2026iscoming #newyears2026 #fypシ #FollowNow #Livehosting #artist #TrendingPH #ViralPH #FBReelsPH","Halina't maglaro ng ColorGame Live! Hayaan nyong salubungin ang Ikalawang araw ng taon na puno ng swerte at pumaldo kasama si Juankada Evo! 🌈💫

Samahan nyo ang team NightShift mamaya 10pm-5am! With @[61584067509799:2048:Juankada Ligaya] @[61585109026232:2048:Juankada Charm] Makisaya at Manalo! Dahil AllinJuan sa Saya dito sa Juan365. 

#Juan365Studios #Juan365 #ALLINJUANLIVE #JuankadaHosts #trend #2026iscoming #newyears2026 #fypシ #FollowNow #Livehosting #artist #TrendingPH #ViralPH #FBReelsPH",22,"01/02/2026 03:30",N/A,https://www.facebook.com/reel/1276047304369012/,0,0,Videos,,,,,Lifetime,88,28,6,5,0,1,2,,2,505.733,8.156,0,0,0,
122109747675147740,61584432221426,"Juankada Evo","Tara Juankada! Simulan natin ang Taon na puno ng Swerte At Kulay na magbibigay Saya at Buhay! 

Samahan nyo ko ngaun gabi. 10pm-5am! Makisaya at Manalo! Dahil All in Juan sa Saya dito sa Juan365. 

#Juan365Studios #Juan365 #ALLINJUANLIVE #JuankadaHosts #trend #2026iscoming #newyears2026 #fypシ #FollowNow #Livehosting #artist #TrendingPH #ViralPH #FBReelsPH",,0,"01/01/2026 06:14",N/A,https://www.facebook.com/permalink.php?story_fbid=pfbid0pLMxpVykTaNGA1XWQ8boLuwu3yAaQ4xQLuoMfVzDL2KTNagdjPP6ibm9tGREwc7jl&id=61584432221426,0,0,Photos,,,,,Lifetime,505,224,18,16,0,2,20,4,16,,,,,,
122109687561147740,61584432221426,"Juankada Evo","Welcome 2026🥳 New year new opportunities!

Sinong kasama mo sa pag salubong ng bagong taon?

#Juan365Studios #Juan365 #ALLINJUANLIVE #JuankadaHosts #trend #2026iscoming #newyears2026 #fypシ #FollowNow #Livehosting #artist #TrendingPH #ViralPH #FBReelsPH","Welcome 2026🥳 New year new opportunities!

Sinong kasama mo sa pag salubong ng bagong taon?

#Juan365Studios #Juan365 #ALLINJUANLIVE #JuankadaHosts #trend #2026iscoming #newyears2026 #fypシ #FollowNow #Livehosting #artist #TrendingPH #ViralPH #FBReelsPH",60,"12/31/2025 21:39",mixed,https://www.facebook.com/reel/25717473261226689/,0,0,Videos,,,,,Lifetime,62,40,9,9,0,0,5,,5,799.936,17.389,0,0,0,
122187782534528854,61565865626361,"Juankada Geoff","Hindi namin ito magagawa nang wala ka, Juankada! Salamat sa isang hindi malilimutang taon. 🤟 From Juan365 family to yours, Happy New Year! 🎆

Like, Share, at Follow para sa mas exciting na memories this incoming 2026! 🥳

#JuankadaGeoff #Juan365 #Juan365PH
#JuanSports #AllInJuanSaSaya #JuanKada #Juan365ColorGame
#Juan365Studios
#Juan365Cares","Hindi namin ito magagawa nang wala ka, Juankada! Salamat sa isang hindi malilimutang taon. 🤟 From Juan365 family to yours, Happy New Year! 🎆

Like, Share, at Follow para sa mas exciting na memories this incoming 2026! 🥳

#JuankadaGeoff #Juan365 #Juan365PH
#JuanSports #AllInJuanSaSaya #JuanKada #Juan365ColorGame
#Juan365Studios
#Juan365Cares",16,"12/31/2025 07:25",N/A,https://www.facebook.com/reel/2753500528343569/,0,0,Videos,,,,,Lifetime,38,20,3,3,0,0,0,,,176.841,6.801,0,0,0
122188074218528854,61565865626361,"Juankada Geoff","Juankada Geoff updated their cover photo.",,0,"01/02/2026 18:40",N/A,https://www.facebook.com/photo.php?fbid=122188074218528854&set=a.122095532852528854&type=3,0,0,Photos,,,,,Lifetime,0,0,0,0,0,0,0,,,,,,,
122187862226528854,61565865626361,"Juankada Geoff","HAPPY NEW YEAR, JUANKADA!",,0,"12/31/2025 21:30",N/A,https://www.facebook.com/Juankadageoff/posts/pfbid0NDBTngnaG5RrYvrzxBTQ1bTyUj8ZkvoFKrfast9CWUFnpybbV9SGQAZst77giRrxl,0,1,Videos,,,,,Lifetime,,12,2,2,0,0,0,,,,,,,
122112798903133214,61583996447175,"Juankada Jedi","When the beat goes low… my confidence goes higher 😌✨

✨ Say hi in the comments — let’s vibe together!

#Juan365 #Juan365Studios #JuankadaJedi #Juankada #JuankadaHosts #ALLINJUANLIVE   
#JediBabes","When the beat goes low… my confidence goes higher 😌✨

✨ Say hi in the comments — let’s vibe together!

#Juan365 #Juan365Studios #JuankadaJedi #Juankada #JuankadaHosts #ALLINJUANLIVE   
#JediBabes",18,"12/31/2025 00:00",uploaded,https://www.facebook.com/reel/1696172915052895/,1,0,Videos,,,,,Lifetime,303,228,20,18,2,0,8,,8,1162.039,4.723,0,0,0,
122113454265133214,61583996447175,"Juankada Jedi","Juankada Jedi updated their cover photo.",,0,"01/02/2026 18:42",N/A,https://www.facebook.com/photo.php?fbid=122113454265133214&set=a.122110480779133214&type=3,0,0,Photos,,,,,Lifetime,0,0,3,3,0,0,0,,,,,,,,
122113327155133214,61583996447175,"Juankada Jedi","🚨 Jedi Babes! 𝐎𝐧𝐞 𝐜𝐥𝐢𝐜𝐤 could be your 𝐥𝐮𝐜𝐤𝐲 𝐜𝐡𝐚𝐫𝐦 — like, share, and follow now! 🍀

#Juan365 #Juan365Studios #JuankadaJedi #Juankada #JuankadaHosts #ALLINJUANLIVE   
#JediBabes #TrendingNow #TikTokTrend #ForYou #FYP #ForYouPage",,0,"01/02/2026 04:10",N/A,https://www.facebook.com/permalink.php?story_fbid=pfbid0hFqkrfvviYcxPNb5BHeT4GmkDBQEhCnawtjdfK7oQ9rfQooN69QzEtzYxfhV6DaAl&id=61583996447175,0,0,Photos,,,,,Lifetime,302,115,9,8,0,1,4,1,3,,,,,,
122113098429133214,61583996447175,"Juankada Jedi","Juankada, kumpleto na ba kayo? 💖
LIVE na tayo sa Juan365 — good vibes, fun games, at lovely moments all night long ✨
Drop “LIVE” sa comments kung nanonood ka na 👇",,0,"01/01/2026 02:29",N/A,https://www.facebook.com/permalink.php?story_fbid=pfbid021VYMKWYBygyz6Gun42Tn7ARVYeNnKsrgGLPqtbkWvRmFYDjmzB3qaN1opt3p4U1Jl&id=61583996447175,0,0,Photos,,,,,Lifetime,322,99,10,11,0,0,7,2,5,,,,,,
122112914103133214,61583996447175,"Juankada Jedi","Happy New Year, Jedi Babes! ✨🎆
New year, same glow—more wins, more laughs, more ALL-IN JUAN moments! 💖🥂

#Juan365 #Juan365Studios #JuankadaJedi #Juankada #JuankadaHosts #ALLINJUANLIVE   
#JediBabes #TrendingNow #TikTokTrend #ForYou #FYP #ForYouPage #HappyNewYear","Happy New Year, Jedi Babes! ✨🎆
New year, same glow—more wins, more laughs, more ALL-IN JUAN moments! 💖🥂

#Juan365 #Juan365Studios #JuankadaJedi #Juankada #JuankadaHosts #ALLINJUANLIVE   
#JediBabes #TrendingNow #TikTokTrend #ForYou #FYP #ForYouPage #HappyNewYear",16,"12/31/2025 08:00",uploaded,https://www.facebook.com/reel/1397655912078957/,1,0,Videos,,,,,Lifetime,3122,2514,30,23,7,0,48,,14,23902.647,8.823,0,0,0,34
122119554879141442,61584243275518,"Juankada Lance","Happy New Year! 🤍

See you live tonight sa Juan365 app & website 🎉 Time to start 2026 with good energy ✨ 

#Juan365 #Juan365Studios #ALLINJUANLIVE #Juan365ColorGame #JuankadaLance #fypviralシ2025","Happy New Year! 🤍

See you live tonight sa Juan365 app & website 🎉 Time to start 2026 with good energy ✨ 

#Juan365 #Juan365Studios #ALLINJUANLIVE #Juan365ColorGame #JuankadaLance #fypviralシ2025",9,"12/31/2025 04:04",N/A,https://www.facebook.com/reel/1179986784326411/,0,0,Videos,,,,,Lifetime,132,71,22,19,3,0,6,,6,455.484,4.897,0,0,0
122120025507141442,61584243275518,"Juankada Lance","Juankada Lance updated their cover photo.",,0,"01/02/2026 18:41",N/A,https://www.facebook.com/photo.php?fbid=122120025507141442&set=a.122098330299141442&type=3,0,0,Photos,,,,,Lifetime,0,0,0,0,0,0,0,,,,,,,
122119965753141442,61584243275518,"Juankada Lance","𝐍𝐚𝐭𝐮𝐫𝐞 𝐯𝐢𝐛𝐞𝐬 𝐥𝐚𝐧𝐠,𝐂𝐡𝐢𝐥𝐥 𝐥𝐚𝐧𝐠. 💚🌿

#Juan365 #Juan365Studios #ALLINJUANLIVE #juan365colorgame",,0,"01/02/2026 08:53",N/A,https://www.facebook.com/permalink.php?story_fbid=pfbid02MbaTXPqtBLtx6tJ9tbqyYbBoJuPVCzNV1JakviRZzBnfRMbToCdsh76zV7Mf9Tr7l&id=61584243275518,0,0,Photos,,,,,Lifetime,100,41,14,11,2,1,3,1,2,,,,,
122119754391141442,61584243275518,"Juankada Lance","Hi Its me Gwapitong tito samahan niyo po kami, Live at Juan365 app at Website till 5am🤩",,0,"01/01/2026 06:57",N/A,https://www.facebook.com/permalink.php?story_fbid=pfbid02FzZvJFkbMUXgAzu6E5TF7ULdL8aY7K4QntCg7mxpnamxwi8cgT35ZJSdNUqUqtiHl&id=61584243275518,0,1,Photos,,,,,Lifetime,83,41,4,4,0,0,2,2,,,,,,
122119738053141442,61584243275518,"Juankada Lance","𝐅𝐢𝐧𝐞 𝐞𝐯𝐞𝐧𝐢𝐧𝐠 𝐯𝐢𝐛𝐞𝐬 ✨ 𝐊𝐚𝐦𝐮𝐬𝐭𝐚 𝐚𝐧𝐠 𝐚𝐫𝐚𝐰 𝐦𝐨? 𝐂𝐨𝐦𝐦𝐞𝐧𝐭 𝐛𝐞𝐥𝐨𝐰 👇

#Juan365 #Juan365Studios #ALLINJUANLIVE #juan365colorgame #gwapitongtito #JuankadaLance",,0,"01/01/2026 05:16",N/A,https://www.facebook.com/permalink.php?story_fbid=pfbid0r6ajgxmhaCVbWAJ1zAskNFSjnCGo5s7pUcZvNuJNPGdQcPMHNhbyKhzs3snFtFcpl&id=61584243275518,0,0,Photos,,,,,Lifetime,177,64,14,10,3,1,10,5,5,,,,,
122119633233141442,61584243275518,"Juankada Lance","𝐉𝐮𝐚𝐧𝐤𝐚𝐝𝐚! 🎉 𝐎𝐧𝐜𝐞 𝐚𝐠𝐚𝐢𝐧, 𝐇𝐚𝐩𝐩𝐲 𝐍𝐞𝐰 𝐘𝐞𝐚𝐫!",,0,"12/31/2025 14:26",N/A,https://www.facebook.com/permalink.php?story_fbid=pfbid0VkgBsLcdUFgFLYXhgwaMG51xwtBse7V2z9KahJqvuLrzSFMJypAAywGQrk3RguvWl&id=61584243275518,0,1,Text,,,,,Lifetime,,50,10,10,0,0,5,,5,,,,,
122126122635135583,61584067509799,"Juankada Ligaya","First day of 2026 pa lang, pero panalo na agad ang aura at saya.

Slaying looks, unstoppable charm, at walang kupas na energy 🔥✨
Our Juankada Host Ligaya is serving ganda + saya + confidence all in one frame 💃💎

👉 Comment “LIGAYA” kung ready ka na to Slay ngayong 2026!

#JuankadaHostLigaya #Juan365 #Hello2026",,0,"12/31/2025 16:21",N/A,https://www.facebook.com/JuankadaLigayaOfficialPage/posts/pfbid0388HdUHa3C39Q7H9gEfMUtTcCteF6mDun7td6nnJLg87pz7g8ky45G5AhcrzBW857l,0,0,Photos,,,,,Lifetime,352,145,28,24,4,0,29,15,14,,,,,
122126552697135583,61584067509799,"Juankada Ligaya","GOOD MORNING LUVS! 
Napanood nyo ba ako kagabi sa LIVE? 🫣

GOOD NEWS! Lagi na tayo mag sasama tuwing 9PM! Sumama na gabi-gabi sa ating Color Game. At itaya ang your LUCKY COLOR with your LUCKY LIGAYA ❤️💙💚💛

Start to Hit that follow button LUVS! Bisitahin na din ang ating Website or App. Stay tune para sa more update!🤗

#Juan365 #Juan365PH #AllInJuanSaSaya #JuanKada #Juan365ColorGame #LigayaLuvs #Ligaya #FollowNow #Lovelots #fyp #followers","GOOD MORNING LUVS! 
Napanood nyo ba ako kagabi sa LIVE? 🫣

GOOD NEWS! Lagi na tayo mag sasama tuwing 9PM! Sumama na gabi-gabi sa ating Color Game. At itaya ang your LUCKY COLOR with your LUCKY LIGAYA ❤️💙💚💛

Start to Hit that follow button LUVS! Bisitahin na din ang ating Website or App. Stay tune para sa more update!🤗

#Juan365 #Juan365PH #AllInJuanSaSaya #JuanKada #Juan365ColorGame #LigayaLuvs #Ligaya #FollowNow #Lovelots #fyp #followers",14,"01/02/2026 19:49",mixed,https://www.facebook.com/reel/720070717844901/,0,0,Videos,,,,,Lifetime,771,170,97,83,9,5,26,,26,3764.341,6.856,0,0,0
122126542149135583,61584067509799,"Juankada Ligaya","Juankada Ligaya updated their cover photo.",,0,"01/02/2026 18:42",N/A,https://www.facebook.com/photo.php?fbid=122126542149135583&set=a.122100489423135583&type=3,0,0,Photos,,,,,Lifetime,2,1,7,7,0,0,0,,,,,,,
122126445801135583,61584067509799,"Juankada Ligaya","Tutok na, LUVS! 
LIVE na ang kulitan with Juankada host Juankada Charm and Juankada Evo~ 

Umagang puno ng tawa, kulay, at good vibes, makijoin sa Color Game 🌈

#Juan365 #Juan365PH #AllInJuanSaSaya #JuanKada #Juan365ColorGame #LigayaLuvs #Ligaya #FollowNow #Lovelots #fyp #followers #Like #Share #followersreelsfypシ゚viralシfypシ゚viralシ",,0,"01/02/2026 08:53",N/A,https://www.facebook.com/JuankadaLigayaOfficialPage/posts/pfbid0uDsWadGgWK8apSWwsEAMezhkVQhVLgjG5B5rqD9TVMEk19H4k9xBpNv8eg3imj6Vl,0,0,Photos,,,,,Lifetime,286,103,5,3,0,2,21,14,7,,,,,
122126386791135583,61584067509799,"Juankada Ligaya","Hello Luvs!😍

Ready na ba kayong sumayaw at sumaya? 🕺💃

Hindi lang sa sayaw niyo ako kasama—subaybayan niyo rin araw-araw sa Live para kulayan natin ang bawat araw ng happiness at Color Game fun! 🌈✨

Huwag palampasin, dahil bawat kulay, may ngiti para sa inyo! 😄💜💚

#Juan365 #Juan365PH #AllInJuanSaSaya #JuanKada #Juan365ColorGame #LigayaLuvs #Ligaya #FollowNow #Lovelots #fyp #followers","Hello Luvs!😍

Ready na ba kayong sumayaw at sumaya? 🕺💃

Hindi lang sa sayaw niyo ako kasama—subaybayan niyo rin araw-araw sa Live para kulayan natin ang bawat araw ng happiness at Color Game fun! 🌈✨

Huwag palampasin, dahil bawat kulay, may ngiti para sa inyo! 😄💜💚

#Juan365 #Juan365PH #AllInJuanSaSaya #JuanKada #Juan365ColorGame #LigayaLuvs #Ligaya #FollowNow #Lovelots #fyp #followers",15,"01/02/2026 03:25",N/A,https://www.facebook.com/reel/1531129141480802/,0,0,Videos,,,,,Lifetime,667,194,82,74,6,2,15,,15,4256.764,8.249,0,0,0
122110258671141115,61584233476725,"Juankada Papa Joe","Saturday pa lang pero it feels sunday na. Senti-vibes with me🥹

Bakit di na lang??? 
Bakit di na lang nag triple color😂

Comment your senti song👇

#Juan365Studios #ALLINJUANLIVE #JuankadaPapaJoe #JuankadaHosts #Juan365 #fbreelsfypシ゚viralfbreelsfypシ゚viral","Saturday pa lang pero it feels sunday na. Senti-vibes with me🥹

Bakit di na lang??? 
Bakit di na lang nag triple color😂

Comment your senti song👇

#Juan365Studios #ALLINJUANLIVE #JuankadaPapaJoe #JuankadaHosts #Juan365 #fbreelsfypシ゚viralfbreelsfypシ゚viral",26,"01/02/2026 23:19",N/A,https://www.facebook.com/reel/734854506343472/,0,0,Videos,,,,,Lifetime,88,25,7,5,1,1,3,,3,636.629,13.545,0,0,0,
122110229583141115,61584233476725,"Juankada Papa Joe","Juankada Papa Joe updated their cover photo.",,0,"01/02/2026 18:41",N/A,https://www.facebook.com/photo.php?fbid=122110229583141115&set=a.122102925279141115&type=3,0,0,Photos,,,,,Lifetime,0,0,5,5,0,0,0,,,,,,,,
122110227507141115,61584233476725,"Juankada Papa Joe","Another day, another live! ✌️🔥

What’s up mga ka-Joekada! Samahan niyo kami and let’s enjoy the Color Game live on https://juan365.com/

Don’t forget to follow, like, and share! 💙

#Juan365Studios #ALLINJUANLIVE #JuankadaPapaJoe #JuankadaHosts #Juan365 #fbreelsfypシ",,0,"01/02/2026 18:21",N/A,https://www.facebook.com/permalink.php?story_fbid=pfbid02FmF8AJ2zFYatSZjjsLHdp244zJkkC6Xij5nQAofrn6jkd1216TSRV7vuLv5X3e9gl&id=61584233476725,0,0,Photos,,,,,Lifetime,196,74,8,6,0,2,19,11,7,,,,,,1
122110109829141115,61584233476725,"Juankada Papa Joe","What’s up mga ka-Joekada! Salamat sa pagsama sa amin sa live sa Juan365. We appreciate your effort and support.☺️💖 

Don’t forget to follow, like, and share! 💙

#Juan365Studios #ALLINJUANLIVE #JuankadaPapaJoe #JuankadaHosts #Juan365 #fbreelsfypシ",,0,"01/02/2026 00:02",N/A,https://www.facebook.com/permalink.php?story_fbid=pfbid0VwGdSETsMnhcXvTQBKiNJAbwKgGvshdPjz95GGVJbcuTW2J4or1WBLi7m3FELCRwl&id=61584233476725,0,0,Photos,,,,,Lifetime,658,225,25,19,3,3,49,27,22,,,,,,
122110063743141115,61584233476725,"Juankada Papa Joe",,,0,"01/01/2026 16:04",N/A,https://www.facebook.com/permalink.php?story_fbid=pfbid0xbaNZokp9RQCTBe1tDqdQYaQ3mNMMgZasKLcmbfmP5oybDcRuKfwpnxC56oWmjwFl&id=61584233476725,0,1,Photos,,,,,Lifetime,137,50,4,4,0,0,4,,4,,,,,,
122110054911141115,61584233476725,"Juankada Papa Joe","1st day of work this Year , morning shift na tayo ☺️  Letsjoeee Go na Go with Papa Joe 🎉🎊🥳  #ALLINJUANLIVE #JuankadaPapaJoe #JuankadaHosts #Juan365 #fbreelsfypシ","1st day of work this Year , morning shift na tayo ☺️  Letsjoeee Go na Go with Papa Joe 🎉🎊🥳  #ALLINJUANLIVE #JuankadaPapaJoe #JuankadaHosts #Juan365 #fbreelsfypシ",40,"01/01/2026 13:58",N/A,https://www.facebook.com/reel/769695359477307/,0,0,Videos,,,,,Lifetime,561,219,40,29,6,5,5,,5,3572.514,7.505,0,0,0,
122112133695145396,61584361885503,"Juankada Sabbie","GOOD MORNING, SABBIES! 🌞🎉
Unang pasok ng 2026—simulan natin sa tawanan, kwentuhan, good vibes at swerte! 🍀✨

Kung hanap mo ang saya, kulitan, at panalong energy
nandito na kami LIVE!☺

Tara na, sabay-sabay tayong mag-ENJOY! 💛🔥

#Juan365 #Juan365PH #AllInJuanSaSaya #JuanKada #Juan365ColorGame #JuankadaSabbies
#FollowMe #Trending #FYP #Reels","GOOD MORNING, SABBIES! 🌞🎉
Unang pasok ng 2026—simulan natin sa tawanan, kwentuhan, good vibes at swerte! 🍀✨

Kung hanap mo ang saya, kulitan, at panalong energy
nandito na kami LIVE!☺

Tara na, sabay-sabay tayong mag-ENJOY! 💛🔥

#Juan365 #Juan365PH #AllInJuanSaSaya #JuanKada #Juan365ColorGame #JuankadaSabbies
#FollowMe #Trending #FYP #Reels",13,"12/31/2025 15:29",N/A,https://www.facebook.com/reel/3784413481864502/,0,0,Videos,,,,,Lifetime,1986,1541,19,19,0,0,20,,20,10841.69,6.7,0,0,0
122112504039145396,61584361885503,"Juankada Sabbie","🌈 HELLOOO SABBIES!!! 🌈

Samahan niyo ako palagi sa LIVE ha 💙
Sabay-sabay tayong ngumiti, tumawa, at magbigay ng kulay sa mga mata niyo ✨😊

Tag ka-Sabbies 👇
Follow & Share 💙

Good vibes lang tayo sa LIVE🎨

#Juan365 #Juan365PH #AllInJuanSaSaya #JuanKada #Juan365ColorGame #JuankadaSabbies
#FollowMe #Trending #FYP #Reels","🌈 HELLOOO SABBIES!!! 🌈

Samahan niyo ako palagi sa LIVE ha 💙
Sabay-sabay tayong ngumiti, tumawa, at magbigay ng kulay sa mga mata niyo ✨😊

Tag ka-Sabbies 👇
Follow & Share 💙

Good vibes lang tayo sa LIVE🎨

#Juan365 #Juan365PH #AllInJuanSaSaya #JuanKada #Juan365ColorGame #JuankadaSabbies
#FollowMe #Trending #FYP #Reels",35,"01/01/2026 23:06",N/A,https://www.facebook.com/reel/1508851590202757/,0,0,Videos,,,,,Lifetime,182,98,13,11,1,1,22,,22,1914.723,13.579,0,0,0
122112532527145396,61584361885503,"Juankada Sabbie","Your juankada host Sabbie mantra 2026 ay maging loyal sa sarili! 😄🥰

Kayo Sabbies ano ang mantra nyo this 2026? Comment down below na 👇

Isingit nyo na sa mga mantra nyo ang pagiging loyal sa Colorgame live at sabay sabay tayong mag enjoy sa bawat kulay, tawanan at kulitin. 😍💖

#Juan365 #Juan365PH #AllInJuanSaSaya #JuanKada #Juan365ColorGame #JuankadaSabbies
#FollowMe #Trending #FYP #Reels","Your juankada host Sabbie mantra 2026 ay maging loyal sa sarili! 😄🥰

Kayo Sabbies ano ang mantra nyo this 2026? Comment down below na 👇

Isingit nyo na sa mga mantra nyo ang pagiging loyal sa Colorgame live at sabay sabay tayong mag enjoy sa bawat kulay, tawanan at kulitin. 😍💖

#Juan365 #Juan365PH #AllInJuanSaSaya #JuanKada #Juan365ColorGame #JuankadaSabbies
#FollowMe #Trending #FYP #Reels",10,"01/02/2026 02:08",N/A,https://www.facebook.com/reel/749691031483944/,0,0,Videos,,,,,Lifetime,985,155,46,40,4,2,87,,87,5270.085,9.759,0,0,0
122112583665145396,61584361885503,"Juankada Sabbie","Restday vibes activated Sabbies💆🏻‍♀️ 

Wanna share you how cute Juankada host Sabbie on her Pj’s 😜

What’s your favorite thing to do on your restday Sabbies? 😉♥️

#Juan365 #Juan365PH #AllInJuanSaSaya #JuanKada #Juan365ColorGame #colorGame #JuankadaSabbies
#FollowMe #Trending #FYP #Reels","Restday vibes activated Sabbies💆🏻‍♀️ 

Wanna share you how cute Juankada host Sabbie on her Pj’s 😜

What’s your favorite thing to do on your restday Sabbies? 😉♥️

#Juan365 #Juan365PH #AllInJuanSaSaya #JuanKada #Juan365ColorGame #colorGame #JuankadaSabbies
#FollowMe #Trending #FYP #Reels",16,"01/02/2026 07:17",N/A,https://www.facebook.com/reel/1295049919113430/,0,0,Videos,,,,,Lifetime,152,71,11,10,1,0,12,,12,934.897,9.841,0,0,0
122112683475145396,61584361885503,"Juankada Sabbie","Juankada Sabbie updated their cover photo.",,0,"01/02/2026 18:40",N/A,https://www.facebook.com/photo.php?fbid=122112683475145396&set=a.122094606033145396&type=3,0,0,Photos,,,,,Lifetime,1,1,9,9,0,0,0,,,,,,,
122111952219145396,61584361885503,"Juankada Sabbie","Hello, Sabbies!

Here’s our little recap for 2025 🥳
We hope for more moments like this with you, Sabbies! Don’t forget to follow and share us so we can grow even more next year.

Happy New Year! Same love, same good vibes in all our LIVE sessions in 2026 🎉✨

#Juan365 #Juan365PH #AllInJuanSaSaya #JuanKada #Juan365ColorGame #JuankadaSabbies
#Followme #trending #fyp #reels","Hello, Sabbies!

Here’s our little recap for 2025 🥳
We hope for more moments like this with you, Sabbies! Don’t forget to follow and share us so we can grow even more next year.

Happy New Year! Same love, same good vibes in all our LIVE sessions in 2026 🎉✨

#Juan365 #Juan365PH #AllInJuanSaSaya #JuanKada #Juan365ColorGame #JuankadaSabbies
#Followme #trending #fyp #reels",49,"12/31/2025 02:08",N/A,https://www.facebook.com/reel/704163429219020/,0,0,Videos,,,,,Lifetime,1413,1277,19,18,1,0,11,,11,6829.432,5.233,0,0,0
122109271065149417,61584482528597,"Juankada Shann","Say you love me, cause I love... 🤭❤️

Follow me para laging kang swertehin ✨

#LoveVibes #GoodLuckCharm #FlirtyMood #FollowForGoodVibes #ForYou #TrendingReels #Juan365Moments  #Juan365Studios #Juan365 #ALLINJUANLIVE #JuankadaHosts #JuankadaShann #Shanshines","Say you love me, cause I love... 🤭❤️

Follow me para laging kang swertehin ✨

#LoveVibes #GoodLuckCharm #FlirtyMood #FollowForGoodVibes #ForYou #TrendingReels #Juan365Moments  #Juan365Studios #Juan365 #ALLINJUANLIVE #JuankadaHosts #JuankadaShann #Shanshines",15,"12/31/2025 00:03",N/A,https://www.facebook.com/reel/1205955744334859/,0,0,Videos,,,,,Lifetime,69,44,5,5,0,0,3,,3,421.031,8.592,0,0,0,
122109853257149417,61584482528597,"Juankada Shann","A day, 4 captures, at walang kupas na good vibes ✨📸

Swipe through and feel the energy sa 𝐉𝐮𝐚𝐧𝟑𝟔𝟓 𝐂𝐨𝐥𝐨𝐫𝐠𝐚𝐦𝐞 𝐥𝐢𝐯𝐞!💖

#Juan365Studios #Juan365 #ALLINJUANLIVE #JuankadaHosts #JuankadaShann #Shanshines #PhotoDumpAesthetic #ShanshineMoments #Juan365Live #GoodVibesPH",,0,"01/02/2026 20:00",N/A,https://www.facebook.com/JuankadaShannOfficialPage/posts/pfbid0bcRsD5EbTwKiG71Whj3amDdubp4g6wpKamUwnAQ62QxxzGJrsXmiaphoFyNa9W3wl,0,0,Photos,,,,,Lifetime,52,22,6,6,0,0,0,,,,,,,,
122109845013149417,61584482528597,"Juankada Shann","Juankada Shann updated their cover photo.",,0,"01/02/2026 18:43",N/A,https://www.facebook.com/photo.php?fbid=122109845013149417&set=a.122099315145149417&type=3,0,0,Photos,,,,,Lifetime,0,0,1,1,0,0,0,,,,,,,,
122109841551149417,61584482528597,"Juankada Shann","EP 1 : 𝗗𝗮𝘆 𝗶𝗻 𝘁𝗵𝗲 𝗹𝗶𝗳𝗲 𝗼𝗳 𝘆𝗼𝘂𝗿 𝗝𝘂𝗮𝗻𝗸𝗮𝗱𝗮 𝗵𝗼𝘀𝘁, 𝗦𝗵𝗮𝗻𝗻 🎥✨

Simula pa lang ito! let’s connect, Juankada Family & Shanshines! 💖
Drop a ❤️ kung excited ka sa series!

#DayInTheLife #JuankadaHost #ShannVibes #Shanshines #JuankadaFamily
#Juan365 #SeriesLaunch #GoodVibesOnly","EP 1 : 𝗗𝗮𝘆 𝗶𝗻 𝘁𝗵𝗲 𝗹𝗶𝗳𝗲 𝗼𝗳 𝘆𝗼𝘂𝗿 𝗝𝘂𝗮𝗻𝗸𝗮𝗱𝗮 𝗵𝗼𝘀𝘁, 𝗦𝗵𝗮𝗻𝗻 🎥✨

Simula pa lang ito! let’s connect, Juankada Family & Shanshines! 💖
Drop a ❤️ kung excited ka sa series!

#DayInTheLife #JuankadaHost #ShannVibes #Shanshines #JuankadaFamily
#Juan365 #SeriesLaunch #GoodVibesOnly",223,"01/02/2026 18:00",N/A,https://www.facebook.com/reel/1032106505782973/,1,0,Videos,,,,,Lifetime,114,99,6,6,0,0,9,,9,2612.814,26.661,0,0,0,
122109831669149417,61584482528597,"Juankada Shann","A day in 3 snapshots ✨📸

Ready na sa Color Game LIVE sa Juan365! 🎨
Pick your lucky color at manalo sa saya! 💙🧡

#Juan365Studios #Juan365 #ALLINJUANLIVE #JuankadaHosts #JuankadaShann #Shanshines #ColorGameLive #ShanshineVibes #Juan365Moments #LuckyColor #GoodVibesOnly",,0,"01/02/2026 16:00",N/A,https://www.facebook.com/JuankadaShannOfficialPage/posts/pfbid0U6To42LHQzLwaNmn5BQUWqBwRVoMYudvhEj9e8AnVrt35VFfgeDHaZFsgsjB2h9Zl,0,0,Photos,,,,,Lifetime,58,26,5,5,0,0,12,4,8,,,,,,
122109743853149417,61584482528597,"Juankada Shann","Shanshines! Samahan niyo kami ni 𝐉𝐮𝐚𝐧𝐤𝐚𝐝𝐚 𝐋𝐨𝐢𝐬𝐚
sa pagbibigay ng saya dito lang sa 𝗝𝘂𝗮𝗻𝟯𝟲𝟱!🥰

Huwag palampasin ang kulitan, good vibes, at surprises.
 comment 💖 kung excited ka at share sa tropa para sama-sama tayo!

#Juan365Live #ShanshineVibes #GoodVibesOnly #FunTimesPH #Juan365Moments #Juan365Studios #Juan365 #ALLINJUANLIVE #JuankadaHosts #JuankadaShann #Shanshines",,0,"01/02/2026 07:31",N/A,https://www.facebook.com/JuankadaShannOfficialPage/posts/pfbid0cMgCoL7M6qmh6TbgGMmaB9xKFs1g2C9SrMZMeYTSQxUicZD4ZA7X1jpj8sqw67fjl,0,0,Photos,,,,,Lifetime,81,32,3,2,1,0,7,4,3,,,,,,
122109669927149417,61584482528597,"Juankada Shann","Grabe talaga si juankada sabbie jusme for more tawanan and saya donwload now juan 365 and catch us on color game🥰🤗💗🌈✨",,0,"01/02/2026 00:03",N/A,https://www.facebook.com/JuankadaShannOfficialPage/posts/pfbid02WgWt82oMivosquB67mqdSUZycaLJXRUSe3C8vc7zdwutPuVKhR2oEB7B6FuN8TWDl,0,1,Text,,,,,Lifetime,,29,0,0,0,0,7,,7,,,,,,
122109669537149417,61584482528597,"Juankada Shann",,,0,"01/01/2026 23:59",N/A,https://www.facebook.com/JuankadaShannOfficialPage/posts/pfbid0ucG24AzUpnMLDSgvNFfsJUuDULJBgKHcKvBr7oFSqQhiagLYuq6xxJFPYdRzZVLwl,0,1,Photos,,,,,Lifetime,68,29,0,0,0,0,4,3,,,,,,,1
122109632745149417,61584482528597,"Juankada Shann","𝙎𝙝𝙖𝙣𝙨𝙝𝙞𝙣𝙚𝙨! 🌟 Sama-sama tayo sa Juan365 kasama ang aming energy queen, Criselda Alvarez! 😘💖

Color Game LIVE na pick your color, feel the vibe!
Follow me for more Shanshine magic! ✨❤️

#Juan365Live #ColorGameVibes #ShanshineEnergy #LuckyColor #GoodVibesOnly #Juan365Studios #Juan365 #ALLINJUANLIVE #JuankadaHosts #JuankadaShann #Shanshines",,0,"01/01/2026 18:51",N/A,https://www.facebook.com/JuankadaShannOfficialPage/posts/pfbid03MLFcmMuiErtcqpxXhqQA1SHhrDFpFd9ZCgUaZ59Vgt7rtmhfB48KRR52Nc4BGX3l,0,0,Photos,,,,,Lifetime,733,272,59,47,0,12,42,22,20,,,,,,
122109502179149417,61584482528597,"Juankada Shann","𝐒𝐡𝐚𝐧𝐬𝐡𝐢𝐧𝐞𝐬! 😆

Tuloy-tuloy ang saya sa Juan365 Color Game LIVE! 🎨💛
Wag na magpahuli  follow me para updated ka sa kulitan at good vibes! 💖✨

#Juan365Studios #Juan365 #ALLINJUANLIVE #JuankadaHosts #JuankadaShann #Shanshines #Juan365Live #ColorGameVibes #ShanshineEnergy #GoodVibesOnly #LuckyColor #FunTimesPH","𝐒𝐡𝐚𝐧𝐬𝐡𝐢𝐧𝐞𝐬! 😆

Tuloy-tuloy ang saya sa Juan365 Color Game LIVE! 🎨💛
Wag na magpahuli  follow me para updated ka sa kulitan at good vibes! 💖✨

#Juan365Studios #Juan365 #ALLINJUANLIVE #JuankadaHosts #JuankadaShann #Shanshines #Juan365Live #ColorGameVibes #ShanshineEnergy #GoodVibesOnly #LuckyColor #FunTimesPH",17,"01/01/2026 03:11",N/A,https://www.facebook.com/reel/2255762268282446/,0,0,Videos,,,,,Lifetime,106,86,4,4,0,0,3,,3,484.422,5.153,0,0,0,
122109469527149417,61584482528597,"Juankada Shann","🥳🎉🌈💗 happy birthday sa juankada naming kikay",,0,"12/31/2025 23:20",N/A,https://www.facebook.com/JuankadaShannOfficialPage/posts/pfbid0B8on8bSDbCNdsnKfAeSprKwcgx4v59V1JyoNqURTEy83cwtStTQoCzktqw2ytFBkl,0,1,Photos,,,,,Lifetime,53,26,2,1,1,0,7,,7,,,,,,
122109466443149417,61584482528597,"Juankada Shann","𝗦𝗵𝗮𝗻𝘀𝗵𝗶𝗻𝗲𝘀, 𝘁𝘂𝗹𝗼𝘆-𝘁𝘂𝗹𝗼𝘆 𝗮𝗻𝗴 𝘀𝗮𝘆𝗮 𝘀𝗮 𝗝𝘂𝗮𝗻𝟯𝟲𝟱! 😆✨

Huwag palampasin join na rin kayo sa Color Game LIVE at subukan ang iyong swerte! 🎨💙💛

#Juan365Live #ColorGameLive #ShanshineVibes #GoodVibesOnly #LuckyColor #FunTimes #Juan365Studios #Juan365 #ALLINJUANLIVE #JuankadaHosts #JuankadaShann #Shanshines","𝗦𝗵𝗮𝗻𝘀𝗵𝗶𝗻𝗲𝘀, 𝘁𝘂𝗹𝗼𝘆-𝘁𝘂𝗹𝗼𝘆 𝗮𝗻𝗴 𝘀𝗮𝘆𝗮 𝘀𝗮 𝗝𝘂𝗮𝗻𝟯𝟲𝟱! 😆✨

Huwag palampasin join na rin kayo sa Color Game LIVE at subukan ang iyong swerte! 🎨💙💛

#Juan365Live #ColorGameLive #ShanshineVibes #GoodVibesOnly #LuckyColor #FunTimes #Juan365Studios #Juan365 #ALLINJUANLIVE #JuankadaHosts #JuankadaShann #Shanshines",23,"12/31/2025 22:59",N/A,https://www.facebook.com/reel/1284047153532702/,0,0,Videos,,,,,Lifetime,262,105,11,10,0,1,5,,5,2574.449,13.002,0,0,0,
122109437451149417,61584482528597,"Juankada Shann","𝘾𝙧𝙪𝙨𝙝, 𝙖𝙣𝙤 𝙣𝙖!! Hintay pa ba o aamin na? 😏

Top ❤️ at i-share ang post na ‘to para gumalaw na rin siya!
At syempre, follow me para updated ka sa mga kilig moments! ✨

#CrushAlert #KiligMoments #ShanshineVibes #CommentBait #TrendingPH #Juan365Studios #Juan365 #ALLINJUANLIVE #JuankadaHosts #JuankadaShann #Shanshines","𝘾𝙧𝙪𝙨𝙝, 𝙖𝙣𝙤 𝙣𝙖!! Hintay pa ba o aamin na? 😏

Top ❤️ at i-share ang post na ‘to para gumalaw na rin siya!
At syempre, follow me para updated ka sa mga kilig moments! ✨

#CrushAlert #KiligMoments #ShanshineVibes #CommentBait #TrendingPH #Juan365Studios #Juan365 #ALLINJUANLIVE #JuankadaHosts #JuankadaShann #Shanshines",43,"12/31/2025 19:09",N/A,https://www.facebook.com/reel/1331843085379214/,0,0,Videos,,,,,Lifetime,72,60,4,4,0,0,1,,1,556.285,8.691,0,0,0,
122109421713149417,61584482528597,"Juankada Shann",,,0,"12/31/2025 16:23",N/A,https://www.facebook.com/JuankadaShannOfficialPage/posts/pfbid02MV2QZEZQUd6sDEwwX9nVMN6BuXv2ciKsU1ounE6hEJc6DP93gJZbsebzrnDnxCuul,0,1,Videos,,,,,Lifetime,,22,1,1,0,0,0,,,,,,,,
122109421629149417,61584482528597,"Juankada Shann",,,0,"12/31/2025 16:23",N/A,https://www.facebook.com/JuankadaShannOfficialPage/posts/pfbid031ywBNysRvQfXsqpoc2PvWnLCczNwZxKBajb99BMXB7VzG5ynKr9Lv7GWRsxAm6RVl,0,1,Text,,,,,Lifetime,,19,0,0,0,0,0,,,,,,,,
122109407559149417,61584482528597,"Juankada Shann","Shanshines, ready na ba kayo? 🎉
Tara na sa Juan365 Color Game Live walang humpay tawanan at kulitan!✨

👉 Watch, join, at comment live. Kita-kits! 🧡💙

#Juan365PH #Shanshines #ColorGameLive #AllInJuan #LiveVibes #Kulitan #TrendingNow #GoodVibes",,0,"12/31/2025 14:07",N/A,https://www.facebook.com/JuankadaShannOfficialPage/posts/pfbid0SuYvW96VcXDgKbX1ZoWdYHTSRh6HSfCtGUa38A5PhEb25fMmCFc2vWE2iukqKLvDl,0,0,Photos,,,,,Lifetime,68,26,2,2,0,0,2,2,,,,,,,
122109296133149417,61584482528597,"Juankada Shann","I’m thinking about you, Shanshines! 🤭💫

Miss niyo na ba ang saya? Tara na mag Color Game Live sa Juan365! 🔥
Hit ❤️, join now, and let’s play!

#Shanshines #Juan365 #ColorGameLive #JuankadaVibes #ALLINJUANLIVE #Juan365Moments  #Juan365Studios #ALLINJUANLIVE #JuankadaHosts #JuankadaShann","I’m thinking about you, Shanshines! 🤭💫

Miss niyo na ba ang saya? Tara na mag Color Game Live sa Juan365! 🔥
Hit ❤️, join now, and let’s play!

#Shanshines #Juan365 #ColorGameLive #JuankadaVibes #ALLINJUANLIVE #Juan365Moments  #Juan365Studios #ALLINJUANLIVE #JuankadaHosts #JuankadaShann",16,"12/31/2025 03:04",N/A,https://www.facebook.com/reel/1071307048424453/,0,0,Videos,,,,,Lifetime,51,42,8,8,0,0,0,,,266.728,6.35,0,0,0,
1304956921670058,100064672885113,"Juankada host Drae",,,0,"01/01/2026 23:37",N/A,https://www.facebook.com/JuankadaDrae/posts/pfbid0mBYY1EZ2NG24Vj1ycnufqeMMy2dbcEv3mVq7DrH6F4UD5mJ6hKkeYdMYbQwjCGYjl,0,1,Photos,,,,,Lifetime,155,47,8,7,1,0,22,8,14,,,,,
1305580501607700,100064672885113,"Juankada host Drae","Juankada host Drae updated their profile picture.",,0,"01/02/2026 20:14",N/A,https://www.facebook.com/photo.php?fbid=1305580501607700&set=a.467750008724091&type=3,0,0,Photos,,,,,Lifetime,65,24,5,5,0,0,2,1,1,,,,,
1305562984942785,100064672885113,"Juankada host Drae","Juankada host Drae updated their cover photo.",,0,"01/02/2026 19:39",N/A,https://www.facebook.com/photo.php?fbid=1305562984942785&set=a.467749982057427&type=3,0,0,Photos,,,,,Lifetime,0,0,4,4,0,0,0,,,,,,,
1304962158336201,100064672885113,"Juankada host Drae","Nood na, Juankada! 🎉 LIVE na sa Juan365 App at website — Maki-All In Juan sa Saya ngayon!

#Juan365 #JuankadaHostDrae
#Juan365ColorGame #Juan365Studios #ALLINJUANLIVE #JuankadaHosts #JuankadaHosts",,0,"01/01/2026 23:49",N/A,https://www.facebook.com/JuankadaDrae/posts/pfbid02MexpPgEtxXyESbJcLdSubMYimiBCSdeeY4H78h3KCRoBnniSbUwx1fs8KXGHmUCNl,0,0,Photos,,,,,Lifetime,273,94,13,12,1,0,53,22,31,,,,,
