"Post ID","Page ID","Page name",Title,Description,"Duration (sec)","Publish time","Caption type",Permalink,"Is crosspost","Is share","Post type",Languages,"Custom labels","Funded content status","Data comment",Date,Views,Reach,"Reactions, Comments and Shares",Reactions,Comments,Shares,"Total clicks","Other Clicks","Matched Audience Targeting Consumption (Photo Click)","Seconds viewed","Average Seconds viewed","Estimated earnings (USD)","Ad CPM (USD)","Ad impressions","Link Clicks"
122184669344383179,61561495390240,"JUANKada Host Ikay","JUANKada Host Ikay updated their cover photo.",,0,"01/02/2026 18:39",N/A,https://www.facebook.com/photo.php?fbid=122184669344383179&set=a.122140909430383179&type=3,0,0,Photos,,,,,Lifetime,2,1,18,16,1,1,0,,,,,,,,
122184689018383179,61561495390240,"JUANKada Host Ikay","LIVE na ako, Kikays! 🌸

Watch me NOW para good vibes from afternoon hanggang gabi niyo ✨

Hihintayin ko kayo sa live ha! 😉

#Juan365Studios #ALLINJUANLIVE #Juan365 #ColorGameLive #JuankadaIkay #Kikays",,0,"01/02/2026 23:44",N/A,https://www.facebook.com/JUANKadaHostIkayOfficialPage/posts/pfbid02sJNJ8x4ptVnYtEU3dobeMdg1YME6ZERrV6a6jhYuQd8wmoCAStmMkEHEXvFMAqBDl,0,0,Photos,,,,,Lifetime,1835,628,69,51,13,5,100,73,27,,,,,,
122184789542383179,61561495390240,"JUANKada Host Ikay","And I'mma be your number one girl, always making time for you, Kikays! 🌸✨

Catch me LIVE NOW sa Color Game From 2PM to 10PM!

Don’t miss the fun, Kikays!

#Juan365Studios #ALLINJUANLIVE #Juan365 #ColorGameLive #JuankadaIkay #Kikays","And I'mma be your number one girl, always making time for you, Kikays! 🌸✨

Catch me LIVE NOW sa Color Game From 2PM to 10PM!

Don’t miss the fun, Kikays!

#Juan365Studios #ALLINJUANLIVE #Juan365 #ColorGameLive #JuankadaIkay #Kikays",15,"01/03/2026 23:21",N/A,https://www.facebook.com/reel/862805923201086/,0,0,Videos,,,,,Lifetime,990,321,74,58,15,1,37,37,,6641.904,9.315,0,0,0,
122184577460383179,61561495390240,"JUANKada Host Ikay","Don't leave me dancin' alone 🎶🫶

Good thing sinamahan ako ni Juankada Lance sa trend na ‘to! 

Kanino mas bagay yung trend na 'to? Comment na, Kikays! 🌸

#Juan365Studios
#ALLINJUANLIVE #Juan365 #ColorGameLive #JuankadaIkay","Don't leave me dancin' alone 🎶🫶

Good thing sinamahan ako ni @[61584243275518:2048:Juankada Lance] sa trend na ‘to! 

Kanino mas bagay yung trend na 'to? Comment na, Kikays! 🌸

#Juan365Studios
#ALLINJUANLIVE #Juan365 #ColorGameLive #JuankadaIkay",15,"01/01/2026 20:14",N/A,https://www.facebook.com/reel/856971900558109/,0,0,Videos,,,,,Lifetime,2165,832,52,48,1,3,49,49,,15476.522,9.857,0,0,0,
122104516509185509,61585565286734,"JuanKada Star","Star Babies, nasaan na kayo? 👀🔥

Tara na! Live na live ako now sa Color Game!

See you there! 😍

#Juan365Studios #ALLINJUANLIVE #Juan365 #ColorGameLive #JuankadaStar #StarBabies",,0,"01/01/2026 16:52",N/A,https://www.facebook.com/JuanKadaStarOfficialPage/posts/pfbid0wiFMX2JwVMSfveNGfdCpdRARyTbzzcPE19p3KACZ1sbdbhmKZzbR1HUop6MGfjGDl,0,0,Photos,,,,,Lifetime,1171,483,37,34,0,3,104,51,53,,,,,,
122105462469185509,61585565286734,"JuanKada Star","Stop scrolling at mag-join na, Star Babies! ✨

Color Game LIVE na! Catch me from 6AM–2PM at sabay-sabay tayong mag-ALL IN sa SAYA! 🔥

Wala pa ang app? Download na ang Juan365 now sa App Store & Play Store!","Stop scrolling at mag-join na, Star Babies! ✨

Color Game LIVE na! Catch me from 6AM–2PM at sabay-sabay tayong mag-ALL IN sa SAYA! 🔥

Wala pa ang app? Download na ang Juan365 now sa App Store & Play Store!",10,"01/04/2026 16:48",N/A,https://www.facebook.com/reel/1424385785877905/,0,0,Videos,,,,,Lifetime,34,26,3,3,0,0,2,2,,128.932,6.139,0,0,0,
122105452143185509,61585565286734,"JuanKada Star","Live now at 6am-2pm. See you Star Babies 🫶🫰❤️",,0,"01/04/2026 15:05",N/A,https://www.facebook.com/JuanKadaStarOfficialPage/posts/pfbid04Wpq4V4q85es9uv2bBhSaHF67kqeB6RAJ2WrH5JRMNCFfkfkKN6WizANgNYUQHvol,0,1,Photos,,,,,Lifetime,79,39,8,8,0,0,5,1,4,,,,,,
122105447139185509,61585565286734,"JuanKada Star",,,0,"01/04/2026 14:19",N/A,https://www.facebook.com/JuanKadaStarOfficialPage/posts/pfbid0TX3cDiJYrKDNiuY8rjfJxAYvspHAAC7jUKW6AANsqQwhzFFmwvFjn2FgK4SNMuSCl,0,1,Photos,,,,,Lifetime,31,21,3,3,0,0,0,,,,,,,,
122105253903185509,61585565286734,"JuanKada Star","Star Babies! Sana nag-enjoy kayo sa Color Game Live kanina kasama sina JuankadaPapa Joe at Juankada Jedi! ✨

Masaya ba kayo habang naglaro? 🥰

#Juan365Studios #ALLINJUANLIVE #Juan365 #ColorGameLive #JuankadaStar #StarBabies",,0,"01/04/2026 02:00",N/A,https://www.facebook.com/JuanKadaStarOfficialPage/posts/pfbid09Z57SpjjSW66efsqhxDdfExJPNG1jsAuVgPLQmyWukq4mCfeCEtrgmkZaxJqDu8Ul,0,0,Photos,,,,,Lifetime,246,102,13,11,1,1,15,6,9,,,,,,
122105242689185509,61585565286734,"JuanKada Star",🔥,"Sino ba naman nga ang ’di mahuhumaling sa ganda ko at gaan sa loob, diba Star babies? ⭐

Heart react niyo nga 'to if you agree 🥰

#Juan365Studios #ALLINJUANLIVE #Juan365 #ColorGameLive #JuankadaStar #StarBabies",21,"01/04/2026 01:04",N/A,https://www.facebook.com/reel/2058033188264950/,0,0,Videos,,,,,Lifetime,2393,473,156,142,11,3,32,32,,22594.85,15.745,0,0,0,
122105234577185509,61585565286734,"JuanKada Star","Star Babies! 🌟 Checking in—kamusta kayo diyan?

Sending you light, love, and shining moments today 💖

#Juan365Studios #ALLINJUANLIVE #Juan365 #ColorGameLive #JuankadaStar #StarBabies","Star Babies! 🌟 Checking in—kamusta kayo diyan?

Sending you light, love, and shining moments today 💖

#Juan365Studios #ALLINJUANLIVE #Juan365 #ColorGameLive #JuankadaStar #StarBabies",7,"01/04/2026 00:23",N/A,https://www.facebook.com/reel/821548457603598/,0,0,Videos,,,,,Lifetime,271,142,17,12,4,1,10,10,,964.387,5.448,0,0,0,
122105219841185509,61585565286734,"JuanKada Star","Iba ang saya at kulitan kapag kasama c Juankada Shann 😊🫶🫰❤️",,0,"01/03/2026 23:12",N/A,https://www.facebook.com/JuanKadaStarOfficialPage/posts/pfbid0NALoGeoXxmgTJNekgAPcTbbx6fpo7bh6amE3QSSv4Fdnw3P3TJgFgPEsFpt7z6ypl,0,1,Photos,,,,,Lifetime,134,69,8,8,0,0,6,1,5,,,,,,
122105180325185509,61585565286734,"JuanKada Star",🫰🫶❤️,,0,"01/03/2026 19:09",N/A,https://www.facebook.com/JuanKadaStarOfficialPage/posts/pfbid0mQyiPsJc5N2wzgK4hGt3he7X3q4E3qtqcaZQhP6nqhBuWD8kur5f5t587f4ucUeGl,0,1,Photos,,,,,Lifetime,105,60,6,6,0,0,3,1,2,,,,,,
122105180277185509,61585565286734,"JuanKada Star",🫶🫰❤️,,0,"01/03/2026 19:09",N/A,https://www.facebook.com/JuanKadaStarOfficialPage/posts/pfbid0iWMhuiMUqN1iA6PXmGtARzJw6Hc3Z6nbiXvxajggwVk7i1oMSdpbn2HCJmBDkXDFl,0,1,Photos,,,,,Lifetime,106,63,7,6,0,1,4,3,1,,,,,,
122105143581185509,61585565286734,"JuanKada Star","Set your alarms na para hindi mahuli sa fun! 🌟

What’s up, Star Babies?! 🎉 Color Game LIVE is on! 

Catch me 6AM–2PM for colors, fun, and prizes!

#Juan365Studios #ALLINJUANLIVE #Juan365 #ColorGameLive #JuankadaStar #StarBabies",,0,"01/03/2026 14:35",N/A,https://www.facebook.com/JuanKadaStarOfficialPage/posts/pfbid0ZXKJYnWjaueJTAHSSPNCFHegKvmo7jRk6H4gjr1PxW66VrQFGC7bMzfNCWD2vUhnl,0,0,Photos,,,,,Lifetime,963,441,31,27,0,4,43,15,28,,,,,,
122104920183185509,61585565286734,"JuanKada Star","Pink mood, pretty vibe, confident heart 🌸

Sabay-sabay tayong mag-glow, Star Babies! ⭐️

#Juan365Studios #ALLINJUANLIVE #Juan365 #ColorGameLive #JuankadaStar #StarBabies",,0,"01/02/2026 23:36",N/A,https://www.facebook.com/JuanKadaStarOfficialPage/posts/pfbid0NDBWfA4mwQZ3BFxHHF8SGxqEDNVRMyM7H22QgeBk848mB24T7T8nGzggTe8xbimtl,0,0,Photos,,,,,Lifetime,367,130,35,25,7,3,38,15,23,,,,,,
122104886637185509,61585565286734,"JuanKada Star",⭐️,"Serving looks, serving energy, and maybe stealing your attention too! 🥰

Strong, fearless, unstoppable — that’s how we do it, Star Babies! Own your power every single day ⭐️🩷

#Juan365Studios #ALLINJUANLIVE #Juan365 #ColorGameLive #JuankadaStar #StarBabies",14,"01/02/2026 20:07",N/A,https://www.facebook.com/reel/1574867356880699/,0,0,Videos,,,,,Lifetime,350,136,24,20,1,3,7,7,,1208.198,4.224,0,0,0,
122104867689185509,61585565286734,"JuanKada Star","JuanKada Star updated their cover photo.",,0,"01/02/2026 18:38",N/A,https://www.facebook.com/photo.php?fbid=122104867689185509&set=a.122101646277185509&type=3,0,0,Photos,,,,,Lifetime,591,277,24,22,1,1,1,1,,,,,,,
122104826343185509,61585565286734,"JuanKada Star","Star Babies! Abangan niyo ako sa Color Game from 6AM–2PM! ⭐️✨ 

Marami pang shining moments ang mangyayari kaya stay tuned! 😎

#Juan365Studios #ALLINJUANLIVE #Juan365 #ColorGameLive #JuankadaStar #StarBabies",,0,"01/02/2026 14:17",N/A,https://www.facebook.com/JuanKadaStarOfficialPage/posts/pfbid02hRfpiAEgX1EBtChHBNzGB8qT5t9N6cT2LryxqGdZPy5qPLHRFMHRiVBT3nTkpR4Sl,0,0,Photos,,,,,Lifetime,558,280,18,16,0,2,19,8,11,,,,,,
122104633419185509,61585565286734,"JuanKada Star","Salamat sa lahat ng sumama sa amin nina Juankada Alexchoozy, at Juankada Papa Joe sa live kanina! 😎

Nag-enjoy ba kayo, Star Babies? 🌟 Abangan niyo lang kami palagi sa Color Game para sa mas maraming fun, tawa, at syempre surpresa pa rin sa inyo!

#Juan365Studios #ALLINJUANLIVE #Juan365 #ColorGameLive #JuankadaStar #StarBabies",,0,"01/02/2026 02:11",N/A,https://www.facebook.com/JuanKadaStarOfficialPage/posts/pfbid02ynAENL7KQagFPNKz6QL8xh82vNbeUQixupaNTV61EbzgqufrfLrvQYvNS42QcLpXl,0,0,Photos,,,,,Lifetime,346,154,20,17,2,1,31,20,11,,,,,,
122110228197144249,61584327477246,"Juankada Alexchoozy","Muli nating balikan ang makulay at masayang 𝑪𝒐𝒍𝒐𝒓 𝑮𝒂𝒎𝒆 kahapon! Isang solid na simula para sa unang araw ng 2026. Salamat Juankada sa walang kupas na saya at energy! 💖🔥

Comment kung nanuod ka | ❤️ React kung ready ulit!

#Juan365PH #ColorGame #JuankadaVibes #2026Start #AllInJuanLive #ColorfulDay #Juan365Studios #Juan365 #ALLINJUANLIVE #JuankadaHosts #JuankadaAlexchoozy #KaChooziness","Muli nating balikan ang makulay at masayang 𝑪𝒐𝒍𝒐𝒓 𝑮𝒂𝒎𝒆 kahapon! Isang solid na simula para sa unang araw ng 2026. Salamat Juankada sa walang kupas na saya at energy! 💖🔥

Comment kung nanuod ka | ❤️ React kung ready ulit!

#Juan365PH #ColorGame #JuankadaVibes #2026Start #AllInJuanLive #ColorfulDay #Juan365Studios #Juan365 #ALLINJUANLIVE #JuankadaHosts #JuankadaAlexchoozy #KaChooziness",55,"01/01/2026 18:40",N/A,https://www.facebook.com/reel/2236221213568818/,0,0,Videos,,,,,Lifetime,164,107,11,10,0,1,3,3,,1049.025,7.601,0,0,0
122110756959144249,61584327477246,"Juankada Alexchoozy","Good morning, Ka-Chooziness! ✨

Simula na ang good vibes at saya today dito sa Juan365 Colorgame Live. Catch us today from 6am to 2pm. Kasama sina Juankada Papa Joe, Juankada Jedi at JuanKada Star.

👉 Comment HERE kung present ka na at game na makilaro ⬇️

#JuankadaAlexchoozy  #CommentYourThoughts #TagAFriend #Followme #KaChooziness #Juan365 #AllInJuanSaSaya #Juan365Studios #SweetEnergy #DailyBeautyVibes",,0,"01/04/2026 15:03",N/A,https://www.facebook.com/JuankadaAlexchoozyOfficialPage/posts/pfbid02GLmpRTJCco9LE7WPxSx991E45r5brwULfRguatJpvqUvRSZoQX5VYr3oz4bWvsXCl,0,0,Photos,,,,,Lifetime,237,101,22,18,0,4,20,11,9,,,,,
122110670031144249,61584327477246,"Juankada Alexchoozy","BACK TO WORK","Tama na ang gala, back to ipon tayo. Monday na bukas, WORK na tayo ulit! Choozy paba??? 🤣 See you all tomorrow mga juankada!

#JuankadaAlexchoozy  #CommentYourThoughts #TagAFriend #Followme #KaChooziness! #Juan365 #AllInJuanSaSaya #Juan365Studios #SweetEnergy #DailyBeautyVibes",29,"01/04/2026 06:32",N/A,https://www.facebook.com/reel/742473622254065/,0,0,Videos,,,,,Lifetime,74,51,11,9,1,1,1,1,,388.298,7.924,0,0,0
122110608825144249,61584327477246,"Juankada Alexchoozy","𝐆𝐮𝐬𝐭𝐨 𝐚𝐰𝐚𝐲!! 𝐊𝐚𝐢𝐧 𝐚𝐲𝐚𝐰? Aba, all in sa saya! 🎉","𝐆𝐮𝐬𝐭𝐨 𝐚𝐰𝐚𝐲!! 𝐊𝐚𝐢𝐧 𝐚𝐲𝐚𝐰? Aba, all in sa saya! 🎉

Tara na, Ka-Chooziness, mag-enjoy tayo! 🧡💙

#JuankadaAlexchoozy  #CommentYourThoughts #TagAFriend #Followme #KaChooziness! #Juan365 #AllInJuanSaSaya #Juan365Studios #SweetEnergy #DailyBeautyVibes #MakulayNaSaya #FunMode",29,"01/04/2026 02:00",N/A,https://www.facebook.com/reel/2231752854250733/,0,0,Videos,,,,,Lifetime,144,97,26,20,6,0,20,20,,1004.662,9.66,0,0,0
122110608717144249,61584327477246,"Juankada Alexchoozy","𝐋𝐞𝐭’𝐬 𝐝𝐚𝐧𝐜𝐞 𝐚𝐧𝐝 𝐞𝐧𝐣𝐨𝐲, 𝐊𝐚-𝐂𝐡𝐨𝐨𝐳𝐢𝐧𝐞𝐬𝐬","𝐋𝐞𝐭’𝐬 𝐝𝐚𝐧𝐜𝐞 𝐚𝐧𝐝 𝐞𝐧𝐣𝐨𝐲, 𝐊𝐚-𝐂𝐡𝐨𝐨𝐳𝐢𝐧𝐞𝐬𝐬!

Hit ❤️ kung ready ka na sa good vibes! ✨

 #JuankadaVibes #GoodVibesOnly #FeelTheVibes #DanceMode #JuankadaAlexchoozy #CommentYourThoughts #TagAFriend #Followme #KaChooziness! #Juan365 #AllInJuanSaSaya #Juan365Studios #SweetEnergy #DailyBeautyVibes",15,"01/03/2026 23:04",N/A,https://www.facebook.com/reel/1531720057942254/,0,0,Videos,,,,,Lifetime,248,156,20,17,3,0,30,30,,1715.315,10.031,0,0,0
122110581693144249,61584327477246,"Juankada Alexchoozy","𝑺𝑼𝑵𝑫𝑨𝒀 𝒊𝒔 💚","𝑺𝑼𝑵𝑫𝑨𝒀 𝒊𝒔 💚

Let’s make our SUNDAY a fruitful JUAN! Inhale, exhale at bukas, BACK to WORK na! Kayod na tayo ulit! See you tom mga ka-chooziness! All in JUAN sa SAYA ang everyJUAN! 🥰

#JuankadaAlexchoozy  #CommentYourThoughts #TagAFriend #Followme #KaChooziness! #Juan365 #AllInJuanSaSaya #Juan365Studios #SweetEnergy #DailyBeautyVibes",34,"01/03/2026 19:16",N/A,https://www.facebook.com/reel/1882152469077005/,0,0,Videos,,,,,Lifetime,88,60,10,10,0,0,5,5,,582.941,8.096,0,0,0
122110541931144249,61584327477246,"Juankada Alexchoozy","COLORGAME ❤️💚🩷🤍💙💛","Ka-chooziness! It’s a COLORFUL SUNDAY! Ano sa tingen mo ang KULAY that best describes you? Pakulitan tayo ng sagot!

TARA! Magtawanan tayo 🤣

#JuankadaAlexchoozy  #CommentYourThoughts #TagAFriend #Followme #KaChooziness #Juan365 #AllInJuanSaSaya #Juan365Studios #SweetEnergy #DailyBeautyVibes",36,"01/03/2026 16:00",N/A,https://www.facebook.com/reel/1359256842547950/,0,0,Videos,,,,,Lifetime,94,65,12,11,0,1,4,4,,526.834,6.932,0,0,0
122110486545144249,61584327477246,"Juankada Alexchoozy","Ka-Chooziness! 6 colors, 1 choice anong trip mo ngayon?

Alin sa kulay ang swak sa feelings mo tonight? I-Comment na yan at piliin natin ang pinaka nakakatawang sagot o hugot? 🤣

#JuankadaAlexchoozy  #CommentYourThoughts #TagAFriend #Followme #KaChooziness! #Juan365 #AllInJuanSaSaya #Juan365Studios #SweetEnergy #DailyBeautyVibes #ColorTrip #PinakaNakakatawa #CommentGame #FunVibes #TrendingNow",,0,"01/03/2026 06:19",N/A,https://www.facebook.com/JuankadaAlexchoozyOfficialPage/posts/pfbid05nm3nTP9ni5RLJxxEfGKTazGnWSrjxuDWVnX8PBxnDgDVnG9aiMejvLBqvo3MEL3l,0,0,Photos,,,,,Lifetime,376,176,19,14,2,3,11,1,10,,,,,
122110442799144249,61584327477246,"Juankada Alexchoozy","NANDITO AKO 🥰","“Ngunit ganun pa man, nais kong malaman mo, Ang puso kong ito’y para lang sayo”

Sabado-Oke tayo Juankada, sa Lunes, kakantahan ko ulit kayo. Miss you all 🥰

#JuankadaAlexchoozy  #CommentYourThoughts #TagAFriend #Followme #KaChooziness #Juan365 #AllInJuanSaSaya #Juan365Studios #SweetEnergy #DailyBeautyVibes",41,"01/03/2026 00:31",N/A,https://www.facebook.com/reel/1446191056864412/,0,0,Videos,,,,,Lifetime,187,126,18,15,2,1,5,5,,1317.192,9.408,0,0,0
122110410405144249,61584327477246,"Juankada Alexchoozy","Hi Juankada, today is my restday pero di tayo titigil to give FUN and SHARE our Talent to everyJUAN. Sharing you some clips from my Hosting Gig. See you all on Monday 🥰 

#JuankadaAlexchoozy  #CommentYourThoughts #TagAFriend #Followme #KaChooziness! #Juan365 #AllInJuanSaSaya #Juan365Studios #SweetEnergy #DailyBeautyVibes","Hi Juankada, today is my restday pero di tayo titigil to give FUN and SHARE our Talent to everyJUAN. Sharing you some clips from my Hosting Gig. See you all on Monday 🥰 

#JuankadaAlexchoozy  #CommentYourThoughts #TagAFriend #Followme #KaChooziness! #Juan365 #AllInJuanSaSaya #Juan365Studios #SweetEnergy #DailyBeautyVibes",78,"01/02/2026 18:50",N/A,https://www.facebook.com/reel/962830533003582/,0,0,Videos,,,,,Lifetime,187,112,29,19,9,1,8,8,,1794.157,12.288,0,0,0
122110408779144249,61584327477246,"Juankada Alexchoozy","Juankada Alexchoozy updated his cover photo.",,0,"01/02/2026 18:39",N/A,https://www.facebook.com/photo.php?fbid=122110408779144249&set=a.122095215045144249&type=3,0,0,Photos,,,,,Lifetime,2,1,22,20,2,0,0,,,,,,,
122110228887144249,61584327477246,"Juankada Alexchoozy","𝗙𝗶𝗿𝘀𝘁 𝗧𝗚𝗜𝗙 𝗳𝗼𝗿 𝟮𝟬𝟮𝟲! Let’s make this day 𝐂𝐎𝐋𝐎𝐑𝐅𝐔𝐋 and 𝐖𝐎𝐍𝐃𝐄𝐑𝐅𝐔𝐋 🥰🌈

Catch me here in 𝐂𝐨𝐥𝐨𝐫 𝐆𝐚𝐦𝐞 𝐋𝐢𝐯𝐞 from 6AM–2PM! See you, mga Ka-Chooziness 🧡💙

#TGIF2026 #ColorGameLive #Juan365PH #KaChooziness #JuankadaVibes #ColorfulDay #AllInJuanLive #Juan365Studios #Juan365 #ALLINJUANLIVE #JuankadaHosts #JuankadaAlexchoozy #KaChooziness","𝗙𝗶𝗿𝘀𝘁 𝗧𝗚𝗜𝗙 𝗳𝗼𝗿 𝟮𝟬𝟮𝟲! Let’s make this day 𝐂𝐎𝐋𝐎𝐑𝐅𝐔𝐋 and 𝐖𝐎𝐍𝐃𝐄𝐑𝐅𝐔𝐋 🥰🌈

Catch me here in 𝐂𝐨𝐥𝐨𝐫 𝐆𝐚𝐦𝐞 𝐋𝐢𝐯𝐞 from 6AM–2PM! See you, mga Ka-Chooziness 🧡💙

#TGIF2026 #ColorGameLive #Juan365PH #KaChooziness #JuankadaVibes #ColorfulDay #AllInJuanLive #Juan365Studios #Juan365 #ALLINJUANLIVE #JuankadaHosts #JuankadaAlexchoozy #KaChooziness",29,"01/01/2026 20:01",N/A,https://www.facebook.com/reel/1170557828398733/,0,0,Videos,,,,,Lifetime,160,118,8,8,0,0,4,4,,862.885,6.741,0,0,0
122107066131170300,61585109026232,"Juankada Charm","✨ Hi Lucky Charms! ✨

I’m with Juankada Lance and Juankada Evo 😎
Samahan niyo kami mag-LIVE sa JUAN365 App & Website 🔥
1/365: The First Step!

Juankada, ready na ba kayo sa journey? 😎
Comment ""Ready"" ❤

#Juan365Studios #Juan365 #ALLINJUANSASAYA #JuankadaHosts #JuankadaCharm #LuckyCharms",,0,"01/01/2026 06:15",N/A,https://www.facebook.com/permalink.php?story_fbid=pfbid024Y2SoVUBuCxPt1iAwsYaeBPEdarqgDZ7YGKTuZrJn9kyKSCdjLKhgzgR4DfbU8Axl&id=61585109026232,0,0,Photos,,,,,Lifetime,685,258,54,51,0,3,27,12,15,,,,,,
122107103499170300,61585109026232,"Juankada Charm","Hi Lucky Charms! ✨

Fit check muna tayo  magbigay ng unlimited lucky charms sainyo! 😘

Kita-kits tayo later sa Color Game Live ng Juan365 Studios! 

#Juan365Studios #Juan365 #ALLINJUANSASAYA #JuankadaHosts #JuankadaCharm #LuckyCharms",,0,"01/01/2026 09:40",N/A,https://www.facebook.com/permalink.php?story_fbid=pfbid02ftt8VPdukjiFroeNARx4ndAWwEeq3UkqBPqrPve7Bj9baRWc3UDcDKUvK5GrvrLgl&id=61585109026232,0,0,Photos,,,,,Lifetime,116,42,8,7,0,1,4,2,2,,,,,,
122107162737170300,61585109026232,"Juankada Charm","✨ Your Lucky Charm is working!✨

#Juan365Studios #Juan365 #ALLINJUANSASAYA #JuankadaHosts #JuankadaCharm #LuckyCharms",,0,"01/01/2026 17:29",N/A,https://www.facebook.com/permalink.php?story_fbid=pfbid0N9gnySGtPcGU9L2utTfqSEWmPfyfDsbPRqmycXuPxbPhNgsKvF9JRNEegn8wDkFil&id=61585109026232,0,1,Text,,,,,Lifetime,,33,3,3,0,0,11,11,,,,,,,
122107192407170300,61585109026232,"Juankada Charm","✨Hi Lucky Charms!✨

Trying something new para sa salubong ng 2026! 🥶

Bagay ba ang ganitong OOTD para sainyong Lucky Charm? 

Comment your thoughts Juankada! 😘

#Juan365Studios #Juan365 #ALLINJUANSASAYA #JuankadaHosts #JuankadaCharm #LuckyCharms","✨Hi Lucky Charms!✨

Trying something new para sa salubong ng 2026! 🥶

Bagay ba ang ganitong OOTD para sainyong Lucky Charm? 

Comment your thoughts Juankada! 😘

#Juan365Studios #Juan365 #ALLINJUANSASAYA #JuankadaHosts #JuankadaCharm #LuckyCharms",14,"01/01/2026 20:00",N/A,https://www.facebook.com/reel/865463389225843/,0,0,Videos,,,,,Lifetime,179,121,10,9,1,0,4,4,,684.101,4.717,0,0,0,
122107226871170300,61585109026232,"Juankada Charm","✨Lucky Charms!✨

Focus sa goal ngayong 2026, pero hindi masamang maging crush ng bayan on the side, charot! 😘

Drop a ""💖"" para sa ating new goals and missions this year!

#Juan365Studios #Juan365 #ALLINJUANSASAYA #JuankadaHosts #JuankadaCharm #LuckyCharms","✨Lucky Charms!✨

Focus sa goal ngayong 2026, pero hindi masamang maging crush ng bayan on the side, charot! 😘

Drop a ""💖"" para sa ating new goals and missions this year!

#Juan365Studios #Juan365 #ALLINJUANSASAYA #JuankadaHosts #JuankadaCharm #LuckyCharms",16,"01/02/2026 00:31",N/A,https://www.facebook.com/reel/1171128538522846/,0,0,Videos,,,,,Lifetime,124,71,11,9,1,1,5,5,,675.163,7.419,0,0,0,
122107437015170300,61585109026232,"Juankada Charm","✨Hi Lucky Charms!✨

BTS natin from last night: Awra muna before live natin kagabi 😘

Gusto niyo pa ba makakita ng other BTS content natin? Let me know! 🤔

#Juan365Studios #Juan365 #ALLINJUANSASAYA #JuankadaHosts #JuankadaCharm #LuckyCharms","✨Hi Lucky Charms!✨

BTS natin from last night: Awra muna before live natin kagabi 😘

Gusto niyo pa ba makakita ng other BTS content natin? Let me know! 🤔

#Juan365Studios #Juan365 #ALLINJUANSASAYA #JuankadaHosts #JuankadaCharm #LuckyCharms",16,"01/02/2026 22:47",N/A,https://www.facebook.com/reel/1593284341866766/,0,0,Videos,,,,,Lifetime,168,94,13,9,4,0,7,7,,1047.878,9.44,0,0,0,
122107526781170300,61585109026232,"Juankada Charm","✨Lucky Charms!✨

Last na for today! BTS ulit tayo before mag live kagabi!

Hmm, do I look good? Share niyo thoughts niyo! 😘

#Juan365Studios #Juan365 #ALLINJUANSASAYA #JuankadaHosts #JuankadaCharm #LuckyCharms","✨Lucky Charms!✨

Last na for today! BTS ulit tayo before mag live kagabi!

Hmm, do I look good? Share niyo thoughts niyo! 😘

#Juan365Studios #Juan365 #ALLINJUANSASAYA #JuankadaHosts #JuankadaCharm #LuckyCharms",6,"01/03/2026 06:18",N/A,https://www.facebook.com/reel/1401228511395702/,0,0,Videos,,,,,Lifetime,111,70,9,7,1,1,1,1,,328.771,4.696,0,0,0,
122107662213170300,61585109026232,"Juankada Charm","✨Sunday Funday, Lucky Charms! ✨

Just woke up pero still serving looks 😘

Ano kaya maganda gawin today? Drop your thoughts!

#Juan365Studios #Juan365 #ALLINJUANSASAYA #JuankadaHosts #JuankadaCharm #LuckyCharms","✨Sunday Funday, Lucky Charms! ✨

Just woke up pero still serving looks 😘

Ano kaya maganda gawin today? Drop your thoughts!

#Juan365Studios #Juan365 #ALLINJUANSASAYA #JuankadaHosts #JuankadaCharm #LuckyCharms",16,"01/03/2026 20:30",N/A,https://www.facebook.com/reel/889989420197082/,0,0,Videos,,,,,Lifetime,65,45,8,8,0,0,1,1,,259.218,5.635,0,0,0,
122107662291170300,61585109026232,"Juankada Charm","✨Happy Sunday, Lucky Charms!✨

Pababa nang pababa ang music pero pataas nang pataas ang swerte! 😘

What song naman ang sunod nating sasayawin?

#Juan365Studios #Juan365 #ALLINJUANSASAYA #JuankadaHosts #JuankadaCharm #LuckyCharms","✨Happy Sunday, Lucky Charms!✨

Pababa nang pababa ang music pero pataas nang pataas ang swerte! 😘

What song naman ang sunod nating sasayawin?

#Juan365Studios #Juan365 #ALLINJUANSASAYA #JuankadaHosts #JuankadaCharm #LuckyCharms",9,"01/04/2026 00:30",N/A,https://www.facebook.com/reel/1933472250622659/,0,0,Videos,,,,,Lifetime,160,73,22,16,5,1,12,12,,917.769,12.075,0,0,0,
122106981825170300,61585109026232,"Juankada Charm","Hi Lucky Charms! ✨

Wearing the color of the year today! 🤍

Naniniwala din ba kayo na wearing the color of the year will bring you prosperity this year? 🤔

Comment niyo naman thoughts niyo sa baba! 

#Juan365Studios #Juan365 #ALLINJUANSASAYA #JuankadaHosts #JuankadaCharm #LuckyCharms","Hi Lucky Charms! ✨

Wearing the color of the year today! 🤍

Naniniwala din ba kayo na wearing the color of the year will bring you prosperity this year? 🤔

Comment niyo naman thoughts niyo sa baba! 

#Juan365Studios #Juan365 #ALLINJUANSASAYA #JuankadaHosts #JuankadaCharm #LuckyCharms",12,"01/01/2026 02:30",N/A,https://www.facebook.com/reel/877055318037017/,0,0,Videos,,,,,Lifetime,54,34,6,5,1,0,3,3,,159.773,3.804,0,0,0,
122109747675147740,61584432221426,"Juankada Evo","Tara Juankada! Simulan natin ang Taon na puno ng Swerte At Kulay na magbibigay Saya at Buhay! 

Samahan nyo ko ngaun gabi. 10pm-5am! Makisaya at Manalo! Dahil All in Juan sa Saya dito sa Juan365. 

#Juan365Studios #Juan365 #ALLINJUANLIVE #JuankadaHosts #trend #2026iscoming #newyears2026 #fypシ #FollowNow #Livehosting #artist #TrendingPH #ViralPH #FBReelsPH",,0,"01/01/2026 06:14",N/A,https://www.facebook.com/permalink.php?story_fbid=pfbid0peAV61HDTtJCHPPgjEZ968z9nsfJASit9Y8xN2e3E7R5gUNrbXQM9wscMhQRFeS4l&id=61584432221426,0,0,Photos,,,,,Lifetime,572,246,21,19,0,2,22,17,5,,,,,,
122110187247147740,61584432221426,"Juankada Evo","Nalito ka ba kung sino si James diyan? 😆

React kung kanino ka unang napatingin
❤️ for Juankada Evo | 😄 for James Reid

#Juan365Studios #Juan365 #ALLINJUANLIVE #JuankadaHosts #trend #JuankadaEvo #LiveGameHighlights #LiveHost #SelfieMoment Juan365 Studios James Reid",,0,"01/03/2026 21:26",N/A,https://www.facebook.com/permalink.php?story_fbid=pfbid0d5HaX1wgVDy76EvMKy4NnYBGyfhuqN3CJhzpxmbj7cFYN623r8UjVwN1w7WmQmo3l&id=61584432221426,0,0,Photos,,,,,Lifetime,443,165,49,30,8,11,68,59,6,,,,,,3
122110014897147740,61584432221426,"Juankada Evo","LIVE DONE, ENERGY STILL ON 🔥
Shoutout to everyone who played and stayed till the end — you made the live even better 🙌, Catch you on the next Color Game LIVE 😎

If you felt the thrill, hit that follow and turn on notifications 🔔

#Juan365Studios #Juan365 #ALLINJUANLIVE #JuankadaHosts #trend  #newyears2026 #fypシ #FollowNow #Livehosting #artist #TrendingPH #ViralPH #FBReelsPH",,0,"01/02/2026 21:10",N/A,https://www.facebook.com/permalink.php?story_fbid=pfbid0N7wUHRqbNs9sDFKhEAfYkD48VmEnYzM9obEhE294dVeRzRACkZGjVjBuFXaRoFkQl&id=61584432221426,0,0,Photos,,,,,Lifetime,339,121,30,14,11,5,21,14,7,,,,,,
122109924699147740,61584432221426,"Juankada Evo",,,0,"01/02/2026 09:09",N/A,https://www.facebook.com/permalink.php?story_fbid=pfbid036QuZzL3L4CoHVq67z46auH4VX8WrDwhrHqNxScHikpJtX6dxpwHaGwnQvVABqsJul&id=61584432221426,0,1,Photos,,,,,Lifetime,147,57,8,8,0,0,4,,3,,,,,,1
122109885615147740,61584432221426,"Juankada Evo","Halina't maglaro ng ColorGame Live! Hayaan nyong salubungin ang Ikalawang araw ng taon na puno ng swerte at pumaldo kasama si Juankada Evo! 🌈💫

Samahan nyo ang team NightShift mamaya 10pm-5am! With Juankada Ligaya Juankada Charm Makisaya at Manalo! Dahil AllinJuan sa Saya dito sa Juan365. 

#Juan365Studios #Juan365 #ALLINJUANLIVE #JuankadaHosts #trend #2026iscoming #newyears2026 #fypシ #FollowNow #Livehosting #artist #TrendingPH #ViralPH #FBReelsPH","Halina't maglaro ng ColorGame Live! Hayaan nyong salubungin ang Ikalawang araw ng taon na puno ng swerte at pumaldo kasama si Juankada Evo! 🌈💫

Samahan nyo ang team NightShift mamaya 10pm-5am! With @[61584067509799:2048:Juankada Ligaya] @[61585109026232:2048:Juankada Charm] Makisaya at Manalo! Dahil AllinJuan sa Saya dito sa Juan365. 

#Juan365Studios #Juan365 #ALLINJUANLIVE #JuankadaHosts #trend #2026iscoming #newyears2026 #fypシ #FollowNow #Livehosting #artist #TrendingPH #ViralPH #FBReelsPH",22,"01/02/2026 03:30",N/A,https://www.facebook.com/reel/1276047304369012/,0,0,Videos,,,,,Lifetime,145,49,11,10,0,1,2,2,,815.024,8.15,0,0,0,
122188247414528854,61565865626361,"Juankada Geoff",ABC,"Hindi 'to parinig huh haha! Sino'ng nakaka relate sa music? 😂 

Comment ME + Member ID kung relate ka! 🫣💬

#JuankadaGeoff #juankadahost #Juan365 #Juan365PH #AllInJuanSaSaya #JuanKada #Juan365ColorGame
#Juan365Studios #fypviralシ #trendingnow",22,"01/04/2026 09:15",N/A,https://www.facebook.com/reel/1215315800000852/,0,0,Videos,,,,,Lifetime,61,17,8,5,2,1,6,6,,519.988,16.773,0,0,0,
122188233140528854,61565865626361,"Juankada Geoff","LIVE na tayo, Juankada! 📽️
Come and join us together with Juankada Ligaya and Juankada Sabbie.
Let’s have some fun habang namimili ng inyong LUCKY color. 🔵🔴🟢🟡🟠

Don’t forget to Like, Share, and Follow our page for more FUN moments and exciting live sessions with us. Kita-kits, Juankada! 🥳

#JuankadaGeoff #Juan365 #Juan365PH #AllInJuanSaSaya #JuanKada #Juan365ColorGame
#Juan365Studios #fypviralシ #trendingnow",,0,"01/04/2026 06:48",N/A,https://www.facebook.com/Juankadageoff/posts/pfbid033ZLwf5rzeQux7GqJwr5Ljfaqd7afQVpvZdAyT1EoKu27XyaNx7aMYMNV6gtSeS4kl,0,0,Photos,,,,,Lifetime,347,189,42,30,5,7,17,7,10,,,,,,
122188129148528854,61565865626361,"Juankada Geoff","Hindi perpektong tao pero perpekto para sa'yo. 😉

Don't be shy and hit that Like, Follow, and Share button para perfect talaga! 

#JuankadaGeoff #Juan365 #Juan365PH
#AllInJuanSaSaya #JuanKada #Juan365ColorGame
#Juan365Studios #fypviralシ #trendingvideo","Hindi perpektong tao pero perpekto para sa'yo. 😉

Don't be shy and hit that Like, Follow, and Share button para perfect talaga! 

#JuankadaGeoff #Juan365 #Juan365PH
#AllInJuanSaSaya #JuanKada #Juan365ColorGame
#Juan365Studios #fypviralシ #trendingvideo",19,"01/03/2026 06:34",N/A,https://www.facebook.com/reel/1502070524217120/,0,0,Videos,,,,,Lifetime,105,40,20,11,7,2,3,3,,777.679,11.783,0,0,0,
122188074218528854,61565865626361,"Juankada Geoff","Juankada Geoff updated their cover photo.",,0,"01/02/2026 18:40",N/A,https://www.facebook.com/photo.php?fbid=122188074218528854&set=a.122095532852528854&type=3,0,0,Photos,,,,,Lifetime,0,1,15,13,2,0,0,,,,,,,,
122113734081133214,61583996447175,"Juankada Jedi","What’s up, Jedi Babes! ⚡️

𝐊𝐮𝐧𝐠 𝐫𝐞𝐚𝐝𝐲 𝐤𝐚 𝐬𝐚 𝐬𝐰𝐞𝐫𝐭𝐞, type “GAME!” sa comments — then nood na sa Juan365 app and website! 🎯

#Juan365 #Juan365Studios #JuankadaJedi #Juankada #JuankadaHosts #ALLINJUANLIVE   
#JediBabes #TrendingNow #TikTokTrend #ForYou #FYP #ForYouPage #ContentCreator #HostLife","What’s up, Jedi Babes! ⚡️

𝐊𝐮𝐧𝐠 𝐫𝐞𝐚𝐝𝐲 𝐤𝐚 𝐬𝐚 𝐬𝐰𝐞𝐫𝐭𝐞, type “GAME!” sa comments — then nood na sa Juan365 app and website! 🎯

#Juan365 #Juan365Studios #JuankadaJedi #Juankada #JuankadaHosts #ALLINJUANLIVE   
#JediBabes #TrendingNow #TikTokTrend #ForYou #FYP #ForYouPage #ContentCreator #HostLife",9,"01/04/2026 03:01",mixed,https://www.facebook.com/reel/1852322702056151/,1,0,Videos,,,,,Lifetime,491,333,22,17,4,1,9,9,,2189.183,6.593,0,0,0,
122113668105133214,61583996447175,"Juankada Jedi","𝟕𝐊 𝐚𝐧𝐝 𝐜𝐨𝐮𝐧𝐭𝐢𝐧𝐠, Jedi Babes! 🙌

Like, heart ❤️, comment, and share — let’s spread the fun!
Kita-kits sa Color Game Live sa Juan365 app at website!

#Juan365 #Juan365Studios #JuankadaJedi #Juankada #JuankadaHosts #ALLINJUANLIVE   
#JediBabes #TrendingNow #TikTokTrend #ForYou #FYP #ForYouPage #ContentCreator #HostLife",,0,"01/03/2026 20:37",N/A,https://www.facebook.com/permalink.php?story_fbid=pfbid02WH9SWNCta6xbmqfLDSdpbAz44wzKdon8Nztwu2BEwNY5ksjarMzHUwTxUQv2MGD1l&id=61583996447175,0,0,Photos,,,,,Lifetime,205,83,17,13,4,0,15,15,,,,,,,
122113652679133214,61583996447175,"Juankada Jedi","Good morning, Juankada! ✨
Kumpleto na ba kayo? 💖
LIVE na tayo sa Juan365 — good vibes, fun games, at lovely moments to start the day right 🌤️ kasama si JuanKada Star and Juankada Papa Joe
Comment “LIVE” kung nanonood ka na 👇

#Juan365 #Juan365Studios #JuankadaJedi #Juankada #JuankadaHosts #ALLINJUANLIVE   
#JediBabes #TrendingNow #TikTokTrend #ForYou #FYP #ForYouPage #ContentCreator #HostLife",,0,"01/03/2026 18:11",N/A,https://www.facebook.com/permalink.php?story_fbid=pfbid0tSDsSP568S98BxKXMgFdossdCJFTRa8FMV82MZFRSGq25aJ7qAjw2mocXNmY3Ac9l&id=61583996447175,0,0,Photos,,,,,Lifetime,754,329,28,25,1,2,31,25,6,,,,,,
122113454265133214,61583996447175,"Juankada Jedi","Juankada Jedi updated their cover photo.",,0,"01/02/2026 18:42",N/A,https://www.facebook.com/photo.php?fbid=122113454265133214&set=a.122110480779133214&type=3,0,0,Photos,,,,,Lifetime,0,0,10,9,1,0,0,,,,,,,,
122113327155133214,61583996447175,"Juankada Jedi","🚨 Jedi Babes! 𝐎𝐧𝐞 𝐜𝐥𝐢𝐜𝐤 could be your 𝐥𝐮𝐜𝐤𝐲 𝐜𝐡𝐚𝐫𝐦 — like, share, and follow now! 🍀

#Juan365 #Juan365Studios #JuankadaJedi #Juankada #JuankadaHosts #ALLINJUANLIVE   
#JediBabes #TrendingNow #TikTokTrend #ForYou #FYP #ForYouPage",,0,"01/02/2026 04:10",N/A,https://www.facebook.com/permalink.php?story_fbid=pfbid0h5gkZXfBuAMKN3bzscmSFPhzoydAbaCxH9guWFYHgHoiF2CZKX1b8JxrTvfgyqvgl&id=61583996447175,0,0,Photos,,,,,Lifetime,405,140,24,16,5,3,9,7,2,,,,,,
122113098429133214,61583996447175,"Juankada Jedi","Juankada, kumpleto na ba kayo? 💖
LIVE na tayo sa Juan365 — good vibes, fun games, at lovely moments all night long ✨
Drop “LIVE” sa comments kung nanonood ka na 👇",,0,"01/01/2026 02:29",N/A,https://www.facebook.com/permalink.php?story_fbid=pfbid021oLsb1qeyrScLMk39WitSNtJRTMxxPduwUDQ2ZqY6KokNh6PpnQGjBK7jD5rrbmwl&id=61583996447175,0,0,Photos,,,,,Lifetime,401,118,19,15,3,1,9,7,2,,,,,,
122119738053141442,61584243275518,"Juankada Lance","𝐅𝐢𝐧𝐞 𝐞𝐯𝐞𝐧𝐢𝐧𝐠 𝐯𝐢𝐛𝐞𝐬 ✨ 𝐊𝐚𝐦𝐮𝐬𝐭𝐚 𝐚𝐧𝐠 𝐚𝐫𝐚𝐰 𝐦𝐨? 𝐂𝐨𝐦𝐦𝐞𝐧𝐭 𝐛𝐞𝐥𝐨𝐰 👇

#Juan365 #Juan365Studios #ALLINJUANLIVE #juan365colorgame #gwapitongtito #JuankadaLance",,0,"01/01/2026 05:16",N/A,https://www.facebook.com/permalink.php?story_fbid=pfbid0qvRjPpVxkkBhpcUgXokDGiEmVrHJ7ErbqziE37ZLi3h6fBdTJq8sdJJvAUcBAkQCl&id=61584243275518,0,0,Photos,,,,,Lifetime,197,74,17,13,3,1,10,5,5,,,,,
122120362347141442,61584243275518,"Juankada Lance","𝐬𝐮𝐦𝐮𝐤𝐨 𝐤𝐚𝐧𝐚 𝐛𝐚𝐠𝐨 𝐩𝐚 𝐝𝐮𝐦𝐚𝐧𝐚𝐤 𝐚𝐧𝐠 𝐝𝐮𝐠𝐨🤦

👉 Follow for more kulitan at tawanan

 #Juan365 #Juan365studios #ALLINJUANLIVE #Juan365ColorGame #JuankadaLance #Reels #fypシ゚viralシfypシ゚","𝐬𝐮𝐦𝐮𝐤𝐨 𝐤𝐚𝐧𝐚 𝐛𝐚𝐠𝐨 𝐩𝐚 𝐝𝐮𝐦𝐚𝐧𝐚𝐤 𝐚𝐧𝐠 𝐝𝐮𝐠𝐨🤦

👉 Follow for more kulitan at tawanan

 #Juan365 #Juan365studios #ALLINJUANLIVE #Juan365ColorGame #JuankadaLance #Reels #fypシ゚viralシfypシ゚",32,"01/04/2026 18:00",mixed,https://www.facebook.com/reel/1189692280015669/,1,0,Videos,,,,,Lifetime,8,5,3,2,1,0,1,1,,46.785,15.595,0,0,0
122120280567141442,61584243275518,"Juankada Lance","𝐅𝐨𝐨𝐝 𝐜𝐨𝐮𝐫𝐭 𝐬𝐮𝐫𝐯𝐢𝐯𝐚𝐥 𝐭𝐢𝐩:
𝐔𝐧𝐚𝐡𝐚𝐧 𝐦𝐨 𝐧𝐚 𝐚𝐧𝐠 𝐦𝐮𝐧𝐝𝐨. 𝐋𝐚𝐠𝐲𝐚𝐧 𝐦𝐨 𝐧𝐠 𝐠𝐚𝐦𝐢𝐭. 🫡

Follow for more life hacks😝

#Juan365 #Juan365Studios #ALLINJUANLIVE #juan365colorgame #JuankadaLance #fypageシ #reelsviralシ","𝐅𝐨𝐨𝐝 𝐜𝐨𝐮𝐫𝐭 𝐬𝐮𝐫𝐯𝐢𝐯𝐚𝐥 𝐭𝐢𝐩:
𝐔𝐧𝐚𝐡𝐚𝐧 𝐦𝐨 𝐧𝐚 𝐚𝐧𝐠 𝐦𝐮𝐧𝐝𝐨. 𝐋𝐚𝐠𝐲𝐚𝐧 𝐦𝐨 𝐧𝐠 𝐠𝐚𝐦𝐢𝐭. 🫡

Follow for more life hacks😝

#Juan365 #Juan365Studios #ALLINJUANLIVE #juan365colorgame #JuankadaLance #fypageシ #reelsviralシ",22,"01/04/2026 05:19",N/A,https://www.facebook.com/reel/1500871050984342/,0,0,Videos,,,,,Lifetime,55,36,9,6,2,1,7,7,,501.043,14.315,0,0,0
122120121879141442,61584243275518,"Juankada Lance","In case nakalimutan mo… Gwapitong Tito ’to 😎 Juankada Lance.
👉 Hit that Follow button! 

#Juan365 #Juan365Studios #ALLINJUANLIVE #juan365colorgame #fypシviralシfypシ゚ #fypageシ","In case nakalimutan mo… Gwapitong Tito ’to 😎 Juankada Lance.
👉 Hit that Follow button! 

#Juan365 #Juan365Studios #ALLINJUANLIVE #juan365colorgame #fypシviralシfypシ゚ #fypageシ",13,"01/03/2026 06:02",N/A,https://www.facebook.com/reel/1524214245534093/,0,0,Videos,,,,,Lifetime,133,54,29,16,11,2,16,16,,971.885,13.884,0,0,0
122120025507141442,61584243275518,"Juankada Lance","Juankada Lance updated their cover photo.",,0,"01/02/2026 18:41",N/A,https://www.facebook.com/photo.php?fbid=122120025507141442&set=a.122098330299141442&type=3,0,0,Photos,,,,,Lifetime,0,0,12,12,0,0,0,,,,,,,
122119965753141442,61584243275518,"Juankada Lance","𝐍𝐚𝐭𝐮𝐫𝐞 𝐯𝐢𝐛𝐞𝐬 𝐥𝐚𝐧𝐠,𝐂𝐡𝐢𝐥𝐥 𝐥𝐚𝐧𝐠. 💚🌿

#Juan365 #Juan365Studios #ALLINJUANLIVE #juan365colorgame",,0,"01/02/2026 08:53",N/A,https://www.facebook.com/permalink.php?story_fbid=pfbid02MuNynu9MBdfbTXSfPMf5UvqnanmDEJ4tEcndZd4dD8tToxwJrfP86SgNgizwiVsYl&id=61584243275518,0,0,Photos,,,,,Lifetime,181,69,27,20,5,2,11,9,2,,,,,
122119754391141442,61584243275518,"Juankada Lance","Hi Its me Gwapitong tito samahan niyo po kami, Live at Juan365 app at Website till 5am🤩",,0,"01/01/2026 06:57",N/A,https://www.facebook.com/permalink.php?story_fbid=pfbid02FpQv17UrXrGN77LiGn2zFhTEZf7jUcDatd5dTLvkirq4YT9mtJzPjiMhoqwu5hunl&id=61584243275518,0,1,Photos,,,,,Lifetime,101,52,8,8,0,0,2,,2,,,,,
122126386791135583,61584067509799,"Juankada Ligaya","Hello Luvs!😍

Ready na ba kayong sumayaw at sumaya? 🕺💃

Hindi lang sa sayaw niyo ako kasama—subaybayan niyo rin araw-araw sa Live para kulayan natin ang bawat araw ng happiness at Color Game fun! 🌈✨

Huwag palampasin, dahil bawat kulay, may ngiti para sa inyo! 😄💜💚

#Juan365 #Juan365PH #AllInJuanSaSaya #JuanKada #Juan365ColorGame #LigayaLuvs #Ligaya #FollowNow #Lovelots #fyp #followers","Hello Luvs!😍

Ready na ba kayong sumayaw at sumaya? 🕺💃

Hindi lang sa sayaw niyo ako kasama—subaybayan niyo rin araw-araw sa Live para kulayan natin ang bawat araw ng happiness at Color Game fun! 🌈✨

Huwag palampasin, dahil bawat kulay, may ngiti para sa inyo! 😄💜💚

#Juan365 #Juan365PH #AllInJuanSaSaya #JuanKada #Juan365ColorGame #LigayaLuvs #Ligaya #FollowNow #Lovelots #fyp #followers",15,"01/02/2026 03:25",N/A,https://www.facebook.com/reel/1531129141480802/,0,0,Videos,,,,,Lifetime,847,244,94,85,7,2,16,16,,5041.048,7.512,0,0,0
122126784021135583,61584067509799,"Juankada Ligaya","Mapupuno ng Ligaya ang inyong Linggo! Dahil magsisimula nanaman ang panibangong kulitan at sayawan with our Juankada Host Ligayaaa! 🤩

Tumutok na at makisaya mamayang 9PM NA YAN! You can check out here sa ating page para mas update ka 💖

Visit and Join us on our website and App ✨

See you there LUVS! 😘

#Juan365 #Juan365PH #AllInJuanSaSaya #JuanKada #Juan365ColorGame #LigayaLuvs #Ligaya #FollowNow #Lovelots #fyp #followers","Mapupuno ng Ligaya ang inyong Linggo! Dahil magsisimula nanaman ang panibangong kulitan at sayawan with our Juankada Host Ligayaaa! 🤩

Tumutok na at makisaya mamayang 9PM NA YAN! You can check out here sa ating page para mas update ka 💖

Visit and Join us on our website and App ✨

See you there LUVS! 😘

#Juan365 #Juan365PH #AllInJuanSaSaya #JuanKada #Juan365ColorGame #LigayaLuvs #Ligaya #FollowNow #Lovelots #fyp #followers",15,"01/04/2026 02:04",N/A,https://www.facebook.com/reel/33548443778074076/,0,0,Videos,,,,,Lifetime,456,330,29,22,5,2,11,11,,2695.203,7.834,0,0,0
122126761815135583,61584067509799,"Juankada Ligaya","Hi LUVS! Ready, set, COLOR! 🎨

Ready na ba kayo sa ultimate Color Game? Level up ang fun! quick snap with JUANKADA HOST Geof & JUANKADA HOST Evo

Join na sa LIVE Color Game at patunayan ang galing mo! 👀

#Juan365 #Juan365PH #AllInJuanSaSaya #JuanKada #Juan365ColorGame #LigayaLuvs #Ligaya #FollowNow #Lovelots #fyp #followers",,0,"01/03/2026 23:11",N/A,https://www.facebook.com/JuankadaLigayaOfficialPage/posts/pfbid02CtGEA7xtJ3PfNwJuEJ2vNM57FFNRTowbM2edEx7Jxa7wCTjY6driG2vsN6SLp1ixl,0,0,Photos,,,,,Lifetime,230,116,17,14,2,1,8,6,2,,,,,
122126715249135583,61584067509799,"Juankada Ligaya","Sweet smiles ang hatid bago ang kulay na punong puno ng saya 💕

See you sa color game mamaya ✨

Anong color ang bet mo today? Comment mo na 🎨 

Huwag kakalimutan Bisitahin na din ang ating Website or App. para sa more exciting updates!🤗

#Juan365 #Juan365PH #AllInJuanSaSaya #JuanKada #Juan365ColorGame #LigayaLuvs #Ligaya #FollowNow #Lovelots #fyp #followers #followersreelsfyp",,0,"01/03/2026 18:06",N/A,https://www.facebook.com/JuankadaLigayaOfficialPage/posts/pfbid0AcSu9VFyLr1awj5kBdC8EhSujg8XcAUjjhWe8EhuJf5ubTMD1dsLaXgnGzNmUgazl,0,0,Photos,,,,,Lifetime,210,93,17,16,0,1,7,3,4,,,,,
122126628297135583,61584067509799,"Juankada Ligaya","MALIGAYANG-MALIGAYA ANG GABING ITO, DAHIL ISANG LIGAYA ANG MAG BIBIGAY SWERTE SAIYO! 🥳✨

Today’s energy ay mas pinabongga at pinasaya! Come and Join our LIVE makigulo sa ating color game 🎲🌈

PAANO SUMALI: Nood lang sa ating website or App 💕What are you waiting for LUVS?

TUTOK NA! 

#Juan365 #Juan365PH #AllInJuanSaSaya #JuanKada #Juan365ColorGame #LigayaLuvs #Ligaya #FollowNow #Lovelots #fyp #followers","MALIGAYANG-MALIGAYA ANG GABING ITO, DAHIL ISANG LIGAYA ANG MAG BIBIGAY SWERTE SAIYO! 🥳✨

Today’s energy ay mas pinabongga at pinasaya! Come and Join our LIVE makigulo sa ating color game 🎲🌈

PAANO SUMALI: Nood lang sa ating website or App 💕What are you waiting for LUVS?

TUTOK NA! 

#Juan365 #Juan365PH #AllInJuanSaSaya #JuanKada #Juan365ColorGame #LigayaLuvs #Ligaya #FollowNow #Lovelots #fyp #followers",7,"01/03/2026 04:13",N/A,https://www.facebook.com/reel/905212288515821/,0,0,Videos,,,,,Lifetime,2063,439,115,89,16,10,43,43,,8481.023,6.231,0,0,0
122126552697135583,61584067509799,"Juankada Ligaya","GOOD MORNING LUVS! 
Napanood nyo ba ako kagabi sa LIVE? 🫣

GOOD NEWS! Lagi na tayo mag sasama tuwing 9PM! Sumama na gabi-gabi sa ating Color Game. At itaya ang your LUCKY COLOR with your LUCKY LIGAYA ❤️💙💚💛

Start to Hit that follow button LUVS! Bisitahin na din ang ating Website or App. Stay tune para sa more update!🤗

#Juan365 #Juan365PH #AllInJuanSaSaya #JuanKada #Juan365ColorGame #LigayaLuvs #Ligaya #FollowNow #Lovelots #fyp #followers","GOOD MORNING LUVS! 
Napanood nyo ba ako kagabi sa LIVE? 🫣

GOOD NEWS! Lagi na tayo mag sasama tuwing 9PM! Sumama na gabi-gabi sa ating Color Game. At itaya ang your LUCKY COLOR with your LUCKY LIGAYA ❤️💙💚💛

Start to Hit that follow button LUVS! Bisitahin na din ang ating Website or App. Stay tune para sa more update!🤗

#Juan365 #Juan365PH #AllInJuanSaSaya #JuanKada #Juan365ColorGame #LigayaLuvs #Ligaya #FollowNow #Lovelots #fyp #followers",14,"01/02/2026 19:49",mixed,https://www.facebook.com/reel/720070717844901/,0,0,Videos,,,,,Lifetime,1505,307,157,130,19,8,41,41,,7582.012,6.68,0,0,0
122126542149135583,61584067509799,"Juankada Ligaya","Juankada Ligaya updated their cover photo.",,0,"01/02/2026 18:42",N/A,https://www.facebook.com/photo.php?fbid=122126542149135583&set=a.122100489423135583&type=3,0,0,Photos,,,,,Lifetime,2,1,11,11,0,0,0,,,,,,,
122126445801135583,61584067509799,"Juankada Ligaya","Tutok na, LUVS! 
LIVE na ang kulitan with Juankada host Juankada Charm and Juankada Evo~ 

Umagang puno ng tawa, kulay, at good vibes, makijoin sa Color Game 🌈

#Juan365 #Juan365PH #AllInJuanSaSaya #JuanKada #Juan365ColorGame #LigayaLuvs #Ligaya #FollowNow #Lovelots #fyp #followers #Like #Share #followersreelsfypシ゚viralシfypシ゚viralシ",,0,"01/02/2026 08:53",N/A,https://www.facebook.com/JuankadaLigayaOfficialPage/posts/pfbid0uXg2r8a9WVuFPG4x5waTjk9vCsSMx8FiGFQY9duPpKobA5SDVZxuGN79yCDi1pF3l,0,0,Photos,,,,,Lifetime,414,155,8,6,0,2,25,8,17,,,,,
122110853379141115,61584233476725,"Juankada Papa Joe","Happy monday, don't forget to be awesome🍃✨

What’s your mission this week?

#Juan365Studios #ALLINJUANLIVE #JuankadaPapaJoe #JuankadaHosts #Juan365 #highlightseveryonefollowers",,0,"01/04/2026 18:13",N/A,https://www.facebook.com/permalink.php?story_fbid=pfbid02xqE8pPUgSThaGuPFy8EL1HRF5guaPBmRxr4ngicJBgis6cPXFBE8EKGm7Q6PK5Mxl&id=61584233476725,0,0,Photos,,,,,Lifetime,13,23,3,1,0,2,0,,,,,,,,
122110739073141115,61584233476725,"Juankada Papa Joe","Individually, we're strong, but together, we're unstoppable.💪

Pew! Pew! Pew!🔫

Don’t miss our live tomorrow on https://juan365.com/ from 6AM to 2PM.
To watch us smoothly, just register on our website or download our app.
See you, Joekada!☺️

#Juan365Studios #ALLINJUANLIVE #JuankadaPapaJoe #JuankadaHosts #Juan365 #fbreelsfypシ゚",,0,"01/04/2026 03:00",N/A,https://www.facebook.com/permalink.php?story_fbid=pfbid0VS16H9qNPu3LgVxyax9XXvPyybHwRa19Mfhs88YyNtkCHcPtnLk6GUjvj9DN1cr2l&id=61584233476725,0,0,Photos,,,,,Lifetime,579,287,39,24,10,5,14,13,1,,,,,,
122110624833141115,61584233476725,"Juankada Papa Joe","Am I still cute Joekada?🥹

Send this to your bestie and do the trend together 🤍

Tag your bestie and comment your entry🤗

#Juan365Studios #ALLINJUANLIVE #JuankadaPapaJoe #JuankadaHosts #Juan365 #fbreelsfypシ゚","Am I still cute Joekada?🥹

Send this to your bestie and do the trend together 🤍

Tag your bestie and comment your entry🤗

#Juan365Studios #ALLINJUANLIVE #JuankadaPapaJoe #JuankadaHosts #Juan365 #fbreelsfypシ゚",9,"01/03/2026 19:36",mixed,https://www.facebook.com/reel/847664741388039/,1,0,Videos,,,,,Lifetime,3577,1093,275,264,8,3,28,28,,7075.773,4.541,0,0,0,
122110624089141115,61584233476725,"Juankada Papa Joe",,,0,"01/03/2026 19:31",N/A,https://www.facebook.com/permalink.php?story_fbid=pfbid02Lhp6woNup2Kr7hnr5LKAofTsSFVSNHc9bvcaKLYAtsyuKpunqF87WrwcQgHDSzgGl&id=61584233476725,0,1,Photos,,,,,Lifetime,157,57,7,7,0,0,3,3,,,,,,,
122110607823141115,61584233476725,"Juankada Papa Joe","When the trio is all together, the fun never stops😄💖

Tag your trio for the fun and good times👇

#Juan365Studios #ALLINJUANLIVE #JuankadaPapaJoe #JuankadaHosts #Juan365 #GoodVibesOnly #fblifestylechallenge",,0,"01/03/2026 16:50",N/A,https://www.facebook.com/permalink.php?story_fbid=pfbid08BTVP5Y2fA1SztBtrRWYeNVmuLB1kLUta5BgufzyMHQQMzUJ4iEbQgp85ZwnCyRtl&id=61584233476725,0,0,Photos,,,,,Lifetime,428,180,17,15,0,2,17,7,10,,,,,,
122110298325141115,61584233476725,"Juankada Papa Joe","Thankyou for today mga ka-Joekada!☺️

Abangan niyo ulit kami tomorrow 6AM to 2PM sa ating website or app: https://juan365.com/

Don’t forget to follow, like, and share! 💙

#Juan365Studios #ALLINJUANLIVE #JuankadaPapaJoe #JuankadaHosts #Juan365 #fbreelsfypシ゚","Thankyou for today mga ka-Joekada!☺️

Abangan niyo ulit kami tomorrow 6AM to 2PM sa ating website or app: https://juan365.com/

Don’t forget to follow, like, and share! 💙

#Juan365Studios #ALLINJUANLIVE #JuankadaPapaJoe #JuankadaHosts #Juan365 #fbreelsfypシ゚",26,"01/03/2026 04:01",mixed,https://www.facebook.com/reel/1353112906565066/,1,0,Videos,,,,,Lifetime,495,434,16,12,2,2,4,4,,1921.187,4.269,0,0,0,
122110258671141115,61584233476725,"Juankada Papa Joe","Saturday pa lang pero it feels sunday na. Senti-vibes with me🥹

Bakit di na lang??? 
Bakit di na lang nag triple color😂

Comment your senti song👇

#Juan365Studios #ALLINJUANLIVE #JuankadaPapaJoe #JuankadaHosts #Juan365 #fbreelsfypシ゚viralfbreelsfypシ゚viral","Saturday pa lang pero it feels sunday na. Senti-vibes with me🥹

Bakit di na lang??? 
Bakit di na lang nag triple color😂

Comment your senti song👇

#Juan365Studios #ALLINJUANLIVE #JuankadaPapaJoe #JuankadaHosts #Juan365 #fbreelsfypシ゚viralfbreelsfypシ゚viral",26,"01/02/2026 23:19",N/A,https://www.facebook.com/reel/734854506343472/,0,0,Videos,,,,,Lifetime,2064,113,29,16,9,4,14,14,,2134.332,3.901,0,0,0,
122110229583141115,61584233476725,"Juankada Papa Joe","Juankada Papa Joe updated their cover photo.",,0,"01/02/2026 18:41",N/A,https://www.facebook.com/photo.php?fbid=122110229583141115&set=a.122102925279141115&type=3,0,0,Photos,,,,,Lifetime,0,0,9,9,0,0,0,,,,,,,,
122110227507141115,61584233476725,"Juankada Papa Joe","Another day, another live! ✌️🔥

What’s up mga ka-Joekada! Samahan niyo kami and let’s enjoy the Color Game live on https://juan365.com/

Don’t forget to follow, like, and share! 💙

#Juan365Studios #ALLINJUANLIVE #JuankadaPapaJoe #JuankadaHosts #Juan365 #fbreelsfypシ",,0,"01/02/2026 18:21",N/A,https://www.facebook.com/permalink.php?story_fbid=pfbid02Fb67s9mFRyyPeQzoJhD6BZzFwvZAW5zJW9MRPwjt75CQumRxgsssxigfJdgeV3Y6l&id=61584233476725,0,0,Photos,,,,,Lifetime,386,151,11,9,0,2,25,9,15,,,,,,1
122110109829141115,61584233476725,"Juankada Papa Joe","What’s up mga ka-Joekada! Salamat sa pagsama sa amin sa live sa Juan365. We appreciate your effort and support.☺️💖 

Don’t forget to follow, like, and share! 💙

#Juan365Studios #ALLINJUANLIVE #JuankadaPapaJoe #JuankadaHosts #Juan365 #fbreelsfypシ",,0,"01/02/2026 00:02",N/A,https://www.facebook.com/permalink.php?story_fbid=pfbid0WF59hjmLN8unjwgaadqdSqPQo4E6oGmecav1QzwjwKPVdw9j94uX1CxfmoZ4Tf2cl&id=61584233476725,0,0,Photos,,,,,Lifetime,801,278,26,20,3,3,57,26,31,,,,,,
122110063743141115,61584233476725,"Juankada Papa Joe",,,0,"01/01/2026 16:04",N/A,https://www.facebook.com/permalink.php?story_fbid=pfbid0xuNtqK4H9gYT1r6cx7zYPJ4DbnFPKEaEeefCjD97by7DNdZyMzAZ44dmnStv28jxl&id=61584233476725,0,1,Photos,,,,,Lifetime,156,58,5,5,0,0,4,4,,,,,,,
122110054911141115,61584233476725,"Juankada Papa Joe","1st day of work this Year , morning shift na tayo ☺️  Letsjoeee Go na Go with Papa Joe 🎉🎊🥳  #ALLINJUANLIVE #JuankadaPapaJoe #JuankadaHosts #Juan365 #fbreelsfypシ","1st day of work this Year , morning shift na tayo ☺️  Letsjoeee Go na Go with Papa Joe 🎉🎊🥳  #ALLINJUANLIVE #JuankadaPapaJoe #JuankadaHosts #Juan365 #fbreelsfypシ",40,"01/01/2026 13:58",N/A,https://www.facebook.com/reel/769695359477307/,0,0,Videos,,,,,Lifetime,667,268,44,32,7,5,7,7,,3940.392,6.937,0,0,0,
122112504039145396,61584361885503,"Juankada Sabbie","🌈 HELLOOO SABBIES!!! 🌈

Samahan niyo ako palagi sa LIVE ha 💙
Sabay-sabay tayong ngumiti, tumawa, at magbigay ng kulay sa mga mata niyo ✨😊

Tag ka-Sabbies 👇
Follow & Share 💙

Good vibes lang tayo sa LIVE🎨

#Juan365 #Juan365PH #AllInJuanSaSaya #JuanKada #Juan365ColorGame #JuankadaSabbies
#FollowMe #Trending #FYP #Reels","🌈 HELLOOO SABBIES!!! 🌈

Samahan niyo ako palagi sa LIVE ha 💙
Sabay-sabay tayong ngumiti, tumawa, at magbigay ng kulay sa mga mata niyo ✨😊

Tag ka-Sabbies 👇
Follow & Share 💙

Good vibes lang tayo sa LIVE🎨

#Juan365 #Juan365PH #AllInJuanSaSaya #JuanKada #Juan365ColorGame #JuankadaSabbies
#FollowMe #Trending #FYP #Reels",35,"01/01/2026 23:06",N/A,https://www.facebook.com/reel/1508851590202757/,0,0,Videos,,,,,Lifetime,234,124,17,15,1,1,23,23,,2404.288,13.283,0,0,0,
122112998295145396,61584361885503,"Juankada Sabbie","Hello Sabbies!😍
Makisabay na sa LIVE ngayong gabi! ✨

Tara na sa Color Game para sabay-sabay tayong magbigay  kulay ngayong gabi para sa saya at swerte 💛💜💚

2026 na, paniguradong full ng good vibes at ngiti ang bawat kulay na ibibigay natin! 😄🎨

Huwag kalimutang follow, like, at share para mas marami ang makisaya! 💖

#Juan365 #Juan365PH #AllInJuanSaSaya #JuanKada #Juan365ColorGame #colorGame #JuankadaSabbies
#FollowMe #Trending #FYP #Reels","Hello Sabbies!😍
Makisabay na sa LIVE ngayong gabi! ✨

Tara na sa Color Game para sabay-sabay tayong magbigay  kulay ngayong gabi para sa saya at swerte 💛💜💚

2026 na, paniguradong full ng good vibes at ngiti ang bawat kulay na ibibigay natin! 😄🎨

Huwag kalimutang follow, like, at share para mas marami ang makisaya! 💖

#Juan365 #Juan365PH #AllInJuanSaSaya #JuanKada #Juan365ColorGame #colorGame #JuankadaSabbies
#FollowMe #Trending #FYP #Reels",14,"01/04/2026 08:32",N/A,https://www.facebook.com/reel/914609281064708/,0,0,Videos,,,,,Lifetime,143,65,16,12,3,1,11,11,,937.551,12.336,0,0,0,
122112732405145396,61584361885503,"Juankada Sabbie","Rest day today ✨
Can’t let the Sabbies miss this pretty face 😉

See you tomorrow, Sabbies! 10PM–5AM 💙

#Juan365 #Juan365PH #AllInJuanSaSaya #JuanKada #Juan365ColorGame #JuankadaSabbies
#FollowMe #Trending #FYP #Reels","Rest day today ✨
Can’t let the Sabbies miss this pretty face 😉

See you tomorrow, Sabbies! 10PM–5AM 💙

#Juan365 #Juan365PH #AllInJuanSaSaya #JuanKada #Juan365ColorGame #JuankadaSabbies
#FollowMe #Trending #FYP #Reels",14,"01/03/2026 02:15",N/A,https://www.facebook.com/reel/1438574924552910/,0,0,Videos,,,,,Lifetime,273,124,41,27,10,4,15,15,,1986.224,12.651,0,0,0,
122112683475145396,61584361885503,"Juankada Sabbie","Juankada Sabbie updated their cover photo.",,0,"01/02/2026 18:40",N/A,https://www.facebook.com/photo.php?fbid=122112683475145396&set=a.122094606033145396&type=3,0,0,Photos,,,,,Lifetime,1,1,23,21,1,1,0,,,,,,,,
122112583665145396,61584361885503,"Juankada Sabbie","Restday vibes activated Sabbies💆🏻‍♀️ 

Wanna share you how cute Juankada host Sabbie on her Pj’s 😜

What’s your favorite thing to do on your restday Sabbies? 😉♥️

#Juan365 #Juan365PH #AllInJuanSaSaya #JuanKada #Juan365ColorGame #colorGame #JuankadaSabbies
#FollowMe #Trending #FYP #Reels","Restday vibes activated Sabbies💆🏻‍♀️ 

Wanna share you how cute Juankada host Sabbie on her Pj’s 😜

What’s your favorite thing to do on your restday Sabbies? 😉♥️

#Juan365 #Juan365PH #AllInJuanSaSaya #JuanKada #Juan365ColorGame #colorGame #JuankadaSabbies
#FollowMe #Trending #FYP #Reels",16,"01/02/2026 07:17",N/A,https://www.facebook.com/reel/1295049919113430/,0,0,Videos,,,,,Lifetime,295,120,30,25,4,1,14,14,,2181.581,12.395,0,0,0,
122112532527145396,61584361885503,"Juankada Sabbie","Your juankada host Sabbie mantra 2026 ay maging loyal sa sarili! 😄🥰

Kayo Sabbies ano ang mantra nyo this 2026? Comment down below na 👇

Isingit nyo na sa mga mantra nyo ang pagiging loyal sa Colorgame live at sabay sabay tayong mag enjoy sa bawat kulay, tawanan at kulitin. 😍💖

#Juan365 #Juan365PH #AllInJuanSaSaya #JuanKada #Juan365ColorGame #JuankadaSabbies
#FollowMe #Trending #FYP #Reels","Your juankada host Sabbie mantra 2026 ay maging loyal sa sarili! 😄🥰

Kayo Sabbies ano ang mantra nyo this 2026? Comment down below na 👇

Isingit nyo na sa mga mantra nyo ang pagiging loyal sa Colorgame live at sabay sabay tayong mag enjoy sa bawat kulay, tawanan at kulitin. 😍💖

#Juan365 #Juan365PH #AllInJuanSaSaya #JuanKada #Juan365ColorGame #JuankadaSabbies
#FollowMe #Trending #FYP #Reels",10,"01/02/2026 02:08",N/A,https://www.facebook.com/reel/749691031483944/,0,0,Videos,,,,,Lifetime,1198,196,58,51,5,2,98,98,,6386.59,9.461,0,0,0,
122109502179149417,61584482528597,"Juankada Shann","𝐒𝐡𝐚𝐧𝐬𝐡𝐢𝐧𝐞𝐬! 😆

Tuloy-tuloy ang saya sa Juan365 Color Game LIVE! 🎨💛
Wag na magpahuli  follow me para updated ka sa kulitan at good vibes! 💖✨

#Juan365Studios #Juan365 #ALLINJUANLIVE #JuankadaHosts #JuankadaShann #Shanshines #Juan365Live #ColorGameVibes #ShanshineEnergy #GoodVibesOnly #LuckyColor #FunTimesPH","𝐒𝐡𝐚𝐧𝐬𝐡𝐢𝐧𝐞𝐬! 😆

Tuloy-tuloy ang saya sa Juan365 Color Game LIVE! 🎨💛
Wag na magpahuli  follow me para updated ka sa kulitan at good vibes! 💖✨

#Juan365Studios #Juan365 #ALLINJUANLIVE #JuankadaHosts #JuankadaShann #Shanshines #Juan365Live #ColorGameVibes #ShanshineEnergy #GoodVibesOnly #LuckyColor #FunTimesPH",17,"01/01/2026 03:11",N/A,https://www.facebook.com/reel/2255762268282446/,0,0,Videos,,,,,Lifetime,126,104,5,5,0,0,3,3,,566.581,5.058,0,0,0,
122110141077149417,61584482528597,"Juankada Shann","Yung ang oa talaga ng reaction🤣 pero kung gusto niyo din mag karoon ng jackpot price at more more surprise download now JUAN365 and lets play Colorgame🥰🌈✨💗😘 #juankadashann #AllInJuanSaSaya #Juan365Studios #colorgamelive #Juan365 #Shanshines",,0,"01/04/2026 05:32",N/A,https://www.facebook.com/JuankadaShannOfficialPage/posts/pfbid0nn9yVZr7Ji2JYvk9HUeNtsK7kuCUMzFBYrmcbW9CM9aZmKqMRtH3xgb6jojuhMaal,0,1,Text,,,,,Lifetime,,23,3,2,1,0,3,3,,,,,,,
122110137003149417,61584482528597,"Juankada Shann","Spin 𝐖𝐢𝐧 here sa 𝐉𝐮𝐚𝐧𝟑𝟔𝟓 Color Game LIVE! 🎉

Join na, comment live, at subukan ang iyong swerte!
Huwag palampasin ang saya, 𝐒𝐡𝐚𝐧𝐬𝐡𝐢𝐧𝐞𝐬! ✨

#JuankadaShann #CommentYourThoughts #TagAFriend #Followme #Shanshines #Juan365 #AllInJuanSaSaya #Juan365Studios  #SweetEnergy #DailyBeautyVibes #ColorGameLive #SpinWin","Spin 𝐖𝐢𝐧 here sa 𝐉𝐮𝐚𝐧𝟑𝟔𝟓 Color Game LIVE! 🎉

Join na, comment live, at subukan ang iyong swerte!
Huwag palampasin ang saya, 𝐒𝐡𝐚𝐧𝐬𝐡𝐢𝐧𝐞𝐬! ✨

#JuankadaShann #CommentYourThoughts #TagAFriend #Followme #Shanshines #Juan365 #AllInJuanSaSaya #Juan365Studios  #SweetEnergy #DailyBeautyVibes #ColorGameLive #SpinWin",11,"01/04/2026 05:01",mixed,https://www.facebook.com/reel/4201226623525432/,1,0,Videos,,,,,Lifetime,54,31,3,3,0,0,2,2,,267.884,8.117,0,0,0,
122110094391149417,61584482528597,"Juankada Shann","Hanap niyo ba ang 𝐮𝐥𝐭𝐢𝐦𝐚𝐭𝐞 𝐟𝐮𝐧? 𝐉𝐮𝐚𝐧𝟑𝟔𝟓 𝐂𝐨𝐥𝐨𝐫 𝐆𝐚𝐦𝐞 𝐋𝐈𝐕𝐄 𝐧𝐚! 🎨

Comment your color at sama-sama tayong magkulitan! 💖

 #JuankadaShann #CommentYourThoughts #TagAFriend #Followme #Shanshines #Juan365 #AllInJuanSaSaya #Juan365livestream #Juan365Studios  #SweetEnergy #DailyBeautyVibes","Hanap niyo ba ang 𝐮𝐥𝐭𝐢𝐦𝐚𝐭𝐞 𝐟𝐮𝐧? 𝐉𝐮𝐚𝐧𝟑𝟔𝟓 𝐂𝐨𝐥𝐨𝐫 𝐆𝐚𝐦𝐞 𝐋𝐈𝐕𝐄 𝐧𝐚! 🎨

Comment your color at sama-sama tayong magkulitan! 💖

 #JuankadaShann #CommentYourThoughts #TagAFriend #Followme #Shanshines #Juan365 #AllInJuanSaSaya #Juan365livestream #Juan365Studios  #SweetEnergy #DailyBeautyVibes",14,"01/04/2026 00:00",N/A,https://www.facebook.com/reel/908941378371038/,1,0,Videos,,,,,Lifetime,99,79,13,9,4,0,3,3,,381.971,4.658,0,0,0,
122110067421149417,61584482528597,"Juankada Shann","Iba talaga pag si JuanKada Star ang kasama kaya kung gusto niyo ng more good vibes at gusto niyo makipag tawanan saamin at pumaldo TARA NA! Sa COLORGAME SA JUAN365😘✨🤗🌈💗",,0,"01/03/2026 20:16",N/A,https://www.facebook.com/JuankadaShannOfficialPage/posts/pfbid0Veo3QUL1yi1m7SDcYqT3Qb2CyWgZUvnyT6MgSR5CVnPcDyR6TPEQuqZteicpabkl,0,1,Photos,,,,,Lifetime,84,44,4,3,0,1,7,3,4,,,,,,
122110065939149417,61584482528597,"Juankada Shann","𝐒𝐞𝐫𝐯𝐢𝐧𝐠 𝐂𝐨𝐥𝐨𝐫𝐬!🎨

Pick your favorite color, comment below, at join na sa Color Game LIVE sa Juan365! 💙🧡 

#JuankadaShann #CommentYourThoughts #TagAFriend #Followme #Shanshines #Juan365 #AllInJuanSaSaya #Juan365Studios  #SweetEnergy #DailyBeautyVibes #ServingColors #ColorGameLive","𝐒𝐞𝐫𝐯𝐢𝐧𝐠 𝐂𝐨𝐥𝐨𝐫𝐬!🎨

Pick your favorite color, comment below, at join na sa Color Game LIVE sa Juan365! 💙🧡 

#JuankadaShann #CommentYourThoughts #TagAFriend #Followme #Shanshines #Juan365 #AllInJuanSaSaya #Juan365Studios  #SweetEnergy #DailyBeautyVibes #ServingColors #ColorGameLive",18,"01/03/2026 20:01",N/A,https://www.facebook.com/reel/1528114145178622/,1,0,Videos,,,,,Lifetime,179,127,11,8,3,0,5,5,,1166.176,8.638,0,0,0,
122109996033149417,61584482528597,"Juankada Shann","Wearing the lucky color of the year 🤍

Hit ♥️ and comment 💬 if you agree  he’s really lucky! ✨

 #JuankadaShann #CommentYourThoughts #TagAFriend #Followme #Shanshines #Juan365 #AllInJuanSaSaya #Juan365livestream #Juan365Studios  #SweetEnergy #DailyBeautyVibes #LuckyColor #GoodVibesOnly","Wearing the lucky color of the year 🤍

Hit ♥️ and comment 💬 if you agree  he’s really lucky! ✨

 #JuankadaShann #CommentYourThoughts #TagAFriend #Followme #Shanshines #Juan365 #AllInJuanSaSaya #Juan365livestream #Juan365Studios  #SweetEnergy #DailyBeautyVibes #LuckyColor #GoodVibesOnly",11,"01/03/2026 11:01",N/A,https://www.facebook.com/reel/1429766185451079/,1,0,Videos,,,,,Lifetime,120,92,11,7,2,2,1,1,,303.176,2.943,0,0,0,
122109965847149417,61584482528597,"Juankada Shann","𝐒𝐞𝐫𝐯𝐢𝐧𝐠 𝐂𝐨𝐥𝐨𝐫𝐬!🎨

Pick your favorite color, comment below, at join na sa Color Game LIVE sa Juan365! 💙🧡 

#JuankadaShann #CommentYourThoughts #TagAFriend #Followme #Shanshines #Juan365 #AllInJuanSaSaya #Juan365Studios  #SweetEnergy #DailyBeautyVibes #ServingColors #ColorGameLive","𝐒𝐞𝐫𝐯𝐢𝐧𝐠 𝐂𝐨𝐥𝐨𝐫𝐬!🎨

Pick your favorite color, comment below, at join na sa Color Game LIVE sa Juan365! 💙🧡 

#JuankadaShann #CommentYourThoughts #TagAFriend #Followme #Shanshines #Juan365 #AllInJuanSaSaya #Juan365Studios  #SweetEnergy #DailyBeautyVibes #ServingColors #ColorGameLive",18,"01/03/2026 08:52",N/A,https://www.facebook.com/reel/793402133772752/,1,0,Videos,,,,,Lifetime,126,101,6,6,0,0,2,2,,586.491,5.43,0,0,0,
122109916419149417,61584482528597,"Juankada Shann","Hi Shanshines! ✨ Start your day with love, smiles, at good vibes! 💖

Drop a ❤️ at comment 💬 kung kasama ka!

#ShanshineVibes #Juan365Moments #GoodVibesOnly #PositiveEnergy #Juan365Studios #Juan365 #ALLINJUANLIVE #JuankadaHosts #JuankadaShann #Shanshines","Hi Shanshines! ✨ Start your day with love, smiles, at good vibes! 💖

Drop a ❤️ at comment 💬 kung kasama ka!

#ShanshineVibes #Juan365Moments #GoodVibesOnly #PositiveEnergy #Juan365Studios #Juan365 #ALLINJUANLIVE #JuankadaHosts #JuankadaShann #Shanshines",13,"01/03/2026 04:01",mixed,https://www.facebook.com/reel/925193696527301/,1,0,Videos,,,,,Lifetime,69,55,8,6,1,1,4,4,,258.773,4.539,0,0,0,
122109897915149417,61584482528597,"Juankada Shann","Ako lang ba to o kilig na rin kayo? 😳💖𝐖𝐢𝐭𝐡 𝐉𝐮𝐚𝐧𝐤𝐚𝐝𝐚 𝐉𝐚𝐦𝐞𝐬 𝐑𝐞𝐢𝐝!🔥 

Comment ❤️ kung ready ka sa saya! sa Color game live in Juan365!

#JamesReidVibes #JuankadaLive #ShanshineEnergy #KiligMode #Juan365Studios #Juan365 #ALLINJUANLIVE #JuankadaHosts #JuankadaShann #Shanshines",,0,"01/03/2026 01:56",N/A,https://www.facebook.com/JuankadaShannOfficialPage/posts/pfbid02S4jXno7Gt7EL9edQDGsWMo3F3Wo2tPxmjqVGBSwT4vjebkEbeEVTGzk1HzyhQDEBl,0,0,Photos,,,,,Lifetime,193,70,17,11,4,2,27,21,6,,,,,,
122109853257149417,61584482528597,"Juankada Shann","A day, 4 captures, at walang kupas na good vibes ✨📸

Swipe through and feel the energy sa 𝐉𝐮𝐚𝐧𝟑𝟔𝟓 𝐂𝐨𝐥𝐨𝐫𝐠𝐚𝐦𝐞 𝐥𝐢𝐯𝐞!💖

#Juan365Studios #Juan365 #ALLINJUANLIVE #JuankadaHosts #JuankadaShann #Shanshines #PhotoDumpAesthetic #ShanshineMoments #Juan365Live #GoodVibesPH",,0,"01/02/2026 20:00",N/A,https://www.facebook.com/JuankadaShannOfficialPage/posts/pfbid02eyv3q6bDVbB8VgjnCQRzG1j3tnbF3u8amX88oa25n6oNwpV8Dxp7mvB73tcRRfTjl,0,0,Photos,,,,,Lifetime,148,55,15,13,2,0,2,1,1,,,,,,
122109845013149417,61584482528597,"Juankada Shann","Juankada Shann updated their cover photo.",,0,"01/02/2026 18:43",N/A,https://www.facebook.com/photo.php?fbid=122109845013149417&set=a.122099315145149417&type=3,0,0,Photos,,,,,Lifetime,0,0,1,1,0,0,0,,,,,,,,
122109841551149417,61584482528597,"Juankada Shann","EP 1 : 𝗗𝗮𝘆 𝗶𝗻 𝘁𝗵𝗲 𝗹𝗶𝗳𝗲 𝗼𝗳 𝘆𝗼𝘂𝗿 𝗝𝘂𝗮𝗻𝗸𝗮𝗱𝗮 𝗵𝗼𝘀𝘁, 𝗦𝗵𝗮𝗻𝗻 🎥✨

Simula pa lang ito! let’s connect, Juankada Family & Shanshines! 💖
Drop a ❤️ kung excited ka sa series!

#DayInTheLife #JuankadaHost #ShannVibes #Shanshines #JuankadaFamily
#Juan365 #SeriesLaunch #GoodVibesOnly","EP 1 : 𝗗𝗮𝘆 𝗶𝗻 𝘁𝗵𝗲 𝗹𝗶𝗳𝗲 𝗼𝗳 𝘆𝗼𝘂𝗿 𝗝𝘂𝗮𝗻𝗸𝗮𝗱𝗮 𝗵𝗼𝘀𝘁, 𝗦𝗵𝗮𝗻𝗻 🎥✨

Simula pa lang ito! let’s connect, Juankada Family & Shanshines! 💖
Drop a ❤️ kung excited ka sa series!

#DayInTheLife #JuankadaHost #ShannVibes #Shanshines #JuankadaFamily
#Juan365 #SeriesLaunch #GoodVibesOnly",223,"01/02/2026 18:00",N/A,https://www.facebook.com/reel/1032106505782973/,1,0,Videos,,,,,Lifetime,253,190,19,15,3,1,32,32,,7359.937,36.078,0,0,0,
122109831669149417,61584482528597,"Juankada Shann","A day in 3 snapshots ✨📸

Ready na sa Color Game LIVE sa Juan365! 🎨
Pick your lucky color at manalo sa saya! 💙🧡

#Juan365Studios #Juan365 #ALLINJUANLIVE #JuankadaHosts #JuankadaShann #Shanshines #ColorGameLive #ShanshineVibes #Juan365Moments #LuckyColor #GoodVibesOnly",,0,"01/02/2026 16:00",N/A,https://www.facebook.com/JuankadaShannOfficialPage/posts/pfbid0UQGKKXdkRC8gQaVPFmTpdpJt3eCy7pz9NsNCgCicC6kVGL87nVPJzKSbaEUPPT96l,0,0,Photos,,,,,Lifetime,96,43,6,6,0,0,12,8,4,,,,,,
122109743853149417,61584482528597,"Juankada Shann","Shanshines! Samahan niyo kami ni 𝐉𝐮𝐚𝐧𝐤𝐚𝐝𝐚 𝐋𝐨𝐢𝐬𝐚
sa pagbibigay ng saya dito lang sa 𝗝𝘂𝗮𝗻𝟯𝟲𝟱!🥰

Huwag palampasin ang kulitan, good vibes, at surprises.
 comment 💖 kung excited ka at share sa tropa para sama-sama tayo!

#Juan365Live #ShanshineVibes #GoodVibesOnly #FunTimesPH #Juan365Moments #Juan365Studios #Juan365 #ALLINJUANLIVE #JuankadaHosts #JuankadaShann #Shanshines",,0,"01/02/2026 07:31",N/A,https://www.facebook.com/JuankadaShannOfficialPage/posts/pfbid0cfUj4qQp72j5aNqpR3QxkUK7fEZVyTWphm6M3cXpcBo5nog8sNxPcuJELLYbvxVdl,0,0,Photos,,,,,Lifetime,110,47,3,2,1,0,9,5,4,,,,,,
122109669927149417,61584482528597,"Juankada Shann","Grabe talaga si juankada sabbie jusme for more tawanan and saya donwload now juan 365 and catch us on color game🥰🤗💗🌈✨",,0,"01/02/2026 00:03",N/A,https://www.facebook.com/JuankadaShannOfficialPage/posts/pfbid02WWMsptXcuP9MRtiemiRiY3SJxAQBDDnuwrEaNL8HzDSGwSWT1unWNpCkGjczKpXVl,0,1,Text,,,,,Lifetime,,39,0,0,0,0,7,7,,,,,,,
122109669537149417,61584482528597,"Juankada Shann",,,0,"01/01/2026 23:59",N/A,https://www.facebook.com/JuankadaShannOfficialPage/posts/pfbid0uv4YKgHwpvVhGRT8yFHexgE7tzvQWvFWsp6nyho5uPhJcq7HKhQ2bDH572FQrVBxl,0,1,Photos,,,,,Lifetime,86,39,0,0,0,0,5,1,3,,,,,,1
122109632745149417,61584482528597,"Juankada Shann","𝙎𝙝𝙖𝙣𝙨𝙝𝙞𝙣𝙚𝙨! 🌟 Sama-sama tayo sa Juan365 kasama ang aming energy queen, Criselda Alvarez! 😘💖

Color Game LIVE na pick your color, feel the vibe!
Follow me for more Shanshine magic! ✨❤️

#Juan365Live #ColorGameVibes #ShanshineEnergy #LuckyColor #GoodVibesOnly #Juan365Studios #Juan365 #ALLINJUANLIVE #JuankadaHosts #JuankadaShann #Shanshines",,0,"01/01/2026 18:51",N/A,https://www.facebook.com/JuankadaShannOfficialPage/posts/pfbid026ipSEniXjwfwfCULsryjqdvmATeucqwZHQ5Xd6P4C8Pn8Vs52RvH1T6CXVcJv7ecl,0,0,Photos,,,,,Lifetime,1219,438,67,52,0,15,64,29,35,,,,,,
1304956921670058,100064672885113,"Juankada host Drae",,,0,"01/01/2026 23:37",N/A,https://www.facebook.com/JuankadaDrae/posts/pfbid02q2zFBuUrDmMYqsDsMNceppMp1Fvqbojn5g2NC9Hh5mvzTfgVjjcvch2aLeu8FS8ql,0,1,Photos,,,,,Lifetime,190,61,10,9,1,0,23,14,9
1305580501607700,100064672885113,"Juankada host Drae","Juankada host Drae updated their profile picture.",,0,"01/02/2026 20:14",N/A,https://www.facebook.com/photo.php?fbid=1305580501607700&set=a.467750008724091&type=3,0,0,Photos,,,,,Lifetime,129,47,12,10,2,0,4,3,1
1305562984942785,100064672885113,"Juankada host Drae","Juankada host Drae updated their cover photo.",,0,"01/02/2026 19:39",N/A,https://www.facebook.com/photo.php?fbid=1305562984942785&set=a.467749982057427&type=3,0,0,Photos,,,,,Lifetime,0,0,7,7,0,0,0,,
1304962158336201,100064672885113,"Juankada host Drae","Nood na, Juankada! 🎉 LIVE na sa Juan365 App at website — Maki-All In Juan sa Saya ngayon!

#Juan365 #JuankadaHostDrae
#Juan365ColorGame #Juan365Studios #ALLINJUANLIVE #JuankadaHosts #JuankadaHosts",,0,"01/01/2026 23:49",N/A,https://www.facebook.com/JuankadaDrae/posts/pfbid02MxmLfBYMxnuxB8agYhzmw47fcvQrLAbaN5Mi8WUy5T3jcBWAwzc5KbWES5tDCXRAl,0,0,Photos,,,,,Lifetime,332,117,28,19,7,2,60,36,24
