"Post ID","Page ID","Page name",Title,Description,"Duration (sec)","Publish time","Caption type",Permalink,"Is crosspost","Is share","Post type",Languages,"Custom labels","Funded content status","Data comment",Date,Views,Reach,"Reactions, Comments and Shares",Reactions,Comments,Shares,"Total clicks","Other Clicks","Matched Audience Targeting Consumption (Photo Click)","Seconds viewed","Average Seconds viewed","Estimated earnings (USD)","Ad CPM (USD)","Ad impressions"
122099315109149417,61584482528597,"Juankada Shann","Juankada Shann added a new photo.",,0,"12/03/2025 20:15",N/A,https://www.facebook.com/photo.php?fbid=122099315109149417&set=a.122099314527149417&type=3,0,0,Photos,,,,,Lifetime,732,290,22,17,1,4,5,4,1,,,,,
122109246885149417,61584482528597,"Juankada Shann","Show your giling moves, Shanshines! 💃🔥

Hit ❤️, drop your moves, and tag your friends!

#GilingMoves #Shanshines #DanceVibes #MoveWithMe #ForYou #TrendingReels #ViralDance #Juan365Moments  #Juan365Studios #Juan365 #ALLINJUANLIVE #JuankadaHosts #JuankadaShann #Shanshines","Show your giling moves, Shanshines! 💃🔥

Hit ❤️, drop your moves, and tag your friends!

#GilingMoves #Shanshines #DanceVibes #MoveWithMe #ForYou #TrendingReels #ViralDance #Juan365Moments  #Juan365Studios #Juan365 #ALLINJUANLIVE #JuankadaHosts #JuankadaShann #Shanshines",26,"12/30/2025 20:00",N/A,https://www.facebook.com/reel/2741564766182058/,0,0,Videos,,,,,Lifetime,75,43,10,7,3,0,3,3,,531.443,9.49,0,0,0
122109236451149417,61584482528597,"Juankada Shann","𝐁𝐥𝐮𝐞 𝐡𝐚𝐭, 𝐲𝐞𝐥𝐥𝐨𝐰 𝐟𝐢𝐭 𝐫𝐞𝐚𝐝𝐲 𝐧𝐚 𝐬𝐚 𝐠𝐨𝐨𝐝 𝐦𝐨𝐨𝐝 𝐒𝐡𝐚𝐧𝐬𝐡𝐢𝐧𝐞𝐬✨

Chill vibes lang, pero baka ito na ang perfect combo before the Color Game LIVE!

#BlueAndYellow #GoodMoodGoodLuck #ColorGameVibes #LuckyFit #Juan365Moments  #Juan365Studios #Juan365 #ALLINJUANLIVE #JuankadaHosts #JuankadaShann #Shanshines","𝐁𝐥𝐮𝐞 𝐡𝐚𝐭, 𝐲𝐞𝐥𝐥𝐨𝐰 𝐟𝐢𝐭 𝐫𝐞𝐚𝐝𝐲 𝐧𝐚 𝐬𝐚 𝐠𝐨𝐨𝐝 𝐦𝐨𝐨𝐝 𝐒𝐡𝐚𝐧𝐬𝐡𝐢𝐧𝐞𝐬✨

Chill vibes lang, pero baka ito na ang perfect combo before the Color Game LIVE!

#BlueAndYellow #GoodMoodGoodLuck #ColorGameVibes #LuckyFit #Juan365Moments  #Juan365Studios #Juan365 #ALLINJUANLIVE #JuankadaHosts #JuankadaShann #Shanshines",12,"12/30/2025 19:00",mixed,https://www.facebook.com/reel/1352609102856662/,1,0,Videos,,,,,Lifetime,111,80,4,4,0,0,2,2,,575.686,7.107,0,0,0
122109219645149417,61584482528597,"Juankada Shann","Follow and share",,0,"12/30/2025 15:46",N/A,https://www.facebook.com/JuankadaShannOfficialPage/posts/pfbid02TSg78gJ6mTnbhvNg5P2pfJFfFZfTMM2if97HZFZsfbxGfDR9MgVunn6RHucgP5TJl,0,1,Photos,,,,,Lifetime,50,21,2,2,0,0,5,4,1,,,,,
122109207081149417,61584482528597,"Juankada Shann","𝐒𝐡𝐚𝐧𝐬𝐡𝐢𝐧𝐞𝐬, 𝐠𝐚𝐦𝐞 𝐧𝐚 𝐛𝐚 𝐤𝐚𝐲𝐨? 🎉

Sama-sama tayo sa Juan365 Color Game Live mamaya konting tawa, konting harutan, at sobra-sobrang saya! ✨
👉 Watch, join, at mag-comment live! Kita-kits! 💛

#Juan365PH #Shanshines #AllInJuanSaSaya #ColorGameLive #GoodVibesOnly #KulitanTime #LiveFun #TrendingNow #JuanKada #EntertainmentPH #CommunityFun",,0,"12/30/2025 13:11",N/A,https://www.facebook.com/JuankadaShannOfficialPage/posts/pfbid02SYN2mbn45YH4PnHpJVrhy3zGUMs47KtQJY7H2EntMf5NtBvd2nVLV8kfUEgY3DLul,0,0,Photos,,,,,Lifetime,56,25,3,3,0,0,3,2,1,,,,,
122109124101149417,61584482528597,"Juankada Shann","𝗛𝗶 𝗦𝗵𝗮𝗻𝘀𝗵𝗶𝗻𝗲𝘀 𝘀𝗺𝗶𝗹𝗲 𝗺𝘂𝗻𝗮.✨

Good vibes attract good luck kaya keep shining today 💛
Heart this if you’re choosing positivity ❤️

#CozyVibes #PositiveMindset #SoftEnergy #GoodLuckCharm #Juan365Studios #Juan365 #ALLINJUANLIVE #JuankadaHosts #JuankadaShann #Shanshines","𝗛𝗶 𝗦𝗵𝗮𝗻𝘀𝗵𝗶𝗻𝗲𝘀 𝘀𝗺𝗶𝗹𝗲 𝗺𝘂𝗻𝗮.✨

Good vibes attract good luck kaya keep shining today 💛
Heart this if you’re choosing positivity ❤️

#CozyVibes #PositiveMindset #SoftEnergy #GoodLuckCharm #Juan365Studios #Juan365 #ALLINJUANLIVE #JuankadaHosts #JuankadaShann #Shanshines",9,"12/30/2025 05:00",N/A,https://www.facebook.com/reel/1496419074802562/,1,0,Videos,,,,,Lifetime,58,41,2,2,0,0,4,4,,191.293,4.448,0,0,0
122109104733149417,61584482528597,"Juankada Shann","Cute, cozy, at ready na para sa 𝗖𝗼𝗹𝗼𝗿 𝗚𝗮𝗺𝗲 𝗦𝗵𝗮𝗻𝘀𝗵𝗶𝗻𝗲𝘀! 💙🎨

Comment your lucky color below, baka yan na ang manalo! 🍀👀

#ColorGameVibes #LuckyColor #CuteAndCozy #Juan365Live #GameTimePH #TrendingNow #Juan365Studios #Juan365 #ALLINJUANLIVE #JuankadaHosts #JuankadaShann #ShanshinesSaJuan365","Cute, cozy, at ready na para sa 𝗖𝗼𝗹𝗼𝗿 𝗚𝗮𝗺𝗲 𝗦𝗵𝗮𝗻𝘀𝗵𝗶𝗻𝗲𝘀! 💙🎨

Comment your lucky color below, baka yan na ang manalo! 🍀👀

#ColorGameVibes #LuckyColor #CuteAndCozy #Juan365Live #GameTimePH #TrendingNow #Juan365Studios #Juan365 #ALLINJUANLIVE #JuankadaHosts #JuankadaShann #ShanshinesSaJuan365",21,"12/30/2025 03:00",mixed,https://www.facebook.com/reel/1798060204226307/,1,0,Videos,,,,,Lifetime,40,28,3,3,0,0,5,5,,222.027,6.728,0,0,0
122109005103149417,61584482528597,"Juankada Shann","Shanshines! Ready na ba kayo? 🔥
Samahan niyo kami sa ngiti, saya, at konting harutan sa Juan365 Color Game Live mamayang 6:30am✨

👉 Manood, maki join, at mag comment live! Kita-kits! 💛

#Juan365Studios #ALLINJUANLIVE #JuankadaHosts #JuankadaShann #Shanshines #Juan365 #GuessTheGame #FunnyChallenge #TrendingReels #LiveGameVibes",,0,"12/29/2025 14:19",N/A,https://www.facebook.com/JuankadaShannOfficialPage/posts/pfbid02Szga2SfjpKJeZC2sVgd129Mv1P7QicZHaRc8kC6xLHSJb6Ag4XbfQNBg9kjZuE4ml,0,0,Photos,,,,,Lifetime,96,32,3,3,0,0,6,3,3,,,,,
122108816703149417,61584482528597,"Juankada Shann","Shanshines! Ready na ba kayo? 🫣

Guess the smell Comment your guess below! 👇❤️

#Juan365Studios #ALLINJUANLIVE #JuankadaHosts #JuankadaShann #Shanshines #Juan365 #Shanshines #GuessTheGame #FunnyChallenge #TrendingReels #LiveGameVibes","Shanshines! Ready na ba kayo? 🫣

Guess the smell Comment your guess below! 👇❤️

#Juan365Studios #ALLINJUANLIVE #JuankadaHosts #JuankadaShann #Shanshines #Juan365 #Shanshines #GuessTheGame #FunnyChallenge #TrendingReels #LiveGameVibes",16,"12/28/2025 19:00",N/A,https://www.facebook.com/reel/1854259751886450/,0,0,Videos,,,,,Lifetime,83,37,5,4,1,0,11,11,,379.463,7.297,0,0,0
122108816595149417,61584482528597,"Juankada Shann","Shanshines, game ka na ba?
Magic is calling sa Juan365 Color Game LIVE! 🎨🔥

💙 Heart this post at tag your friends na gusto mong isama sa laro! Let’s play and enjoy together! 🎮💥

#Juan365Studios #ALLINJUANLIVE #JuankadaHosts #JuankadaShann #Shanshines #Juan365 #ColorGameLive #ShanshinesSaJuan365 #PlayNow","Shanshines, game ka na ba?
Magic is calling sa Juan365 Color Game LIVE! 🎨🔥

💙 Heart this post at tag your friends na gusto mong isama sa laro! Let’s play and enjoy together! 🎮💥

#Juan365Studios #ALLINJUANLIVE #JuankadaHosts #JuankadaShann #Shanshines #Juan365 #ColorGameLive #ShanshinesSaJuan365 #PlayNow",26,"12/28/2025 18:59",N/A,https://www.facebook.com/reel/1189904423264649/,0,0,Videos,,,,,Lifetime,84,37,10,10,0,0,2,2,,559.326,10.169,0,0,0
122108704263149417,61584482528597,"Juankada Shann","Sali na baka ikaw na ang next winner🤗💗

#Juan365Studios #ALLINJUANLIVE #JuankadaHosts   #Juan365",,0,"12/28/2025 05:37",N/A,https://www.facebook.com/JuankadaShannOfficialPage/posts/pfbid05PiWaTVc4b9nv5JoiEH5zRNM7snHt6P5SFJuQk4ccqatdPgmgjofaLSAgghBiS5nl,0,1,Text,,,,,Lifetime,,24,1,1,0,0,1,1,,,,,,
122108667951149417,61584482528597,"Juankada Shann","Parang maangas, pero. surprise! 💖🫣

Smash that ❤️ at hulaan sa comments kung sino o ano ito, Shanshines! 👀💫

#ShanshineMoment #GuessItRight #TrendingReels #SwipeAndSee #HeartVibes #Juan365Studios #Juan365 #ALLINJUANLIVE #JuankadaHosts #JuankadaShann #Shanshines","Parang maangas, pero. surprise! 💖🫣

Smash that ❤️ at hulaan sa comments kung sino o ano ito, Shanshines! 👀💫

#ShanshineMoment #GuessItRight #TrendingReels #SwipeAndSee #HeartVibes #Juan365Studios #Juan365 #ALLINJUANLIVE #JuankadaHosts #JuankadaShann #Shanshines",15,"12/28/2025 02:33",N/A,https://www.facebook.com/reel/1945673053029579/,0,0,Videos,,,,,Lifetime,227,129,10,10,0,0,10,10,,2779.118,18.164,0,0,0
122108662587149417,61584482528597,"Juankada Shann",,,0,"12/28/2025 01:59",N/A,https://www.facebook.com/JuankadaShannOfficialPage/posts/pfbid0NNMXwiBeEyLAREyB2mtMsF9acBuEx952i4gCmTZLgJBRRujoMipuo7cWdFTNWsRZl,0,1,Live,,,,,Lifetime,,21,1,1,0,0,1,1,,,,,,
122108608575149417,61584482528597,"Juankada Shann","Be part of Shanshines

How to Join:
1,Follow Juankada Shann on Facebook.
2,Tap the “...” button beside Sign Up on our page.
3,Choose “Invite Friends”, tap “Select All”, then Send Invites.
4,Screenshot your invite list as proof.
5,Comment your screenshot to show that you followed and invited your friends

#Juan365Studios #Juan365 #ALLINJUANLIVE #JuankadaHosts #JuankadaShann #Shanshines",,0,"12/27/2025 20:00",N/A,https://www.facebook.com/JuankadaShannOfficialPage/posts/pfbid02iHMoafiqQifvZAKXQbbJHAhURVfJyebJKioYb5bxBuCA9FEWrJz6svPoFG6qfB2sl,0,0,Photos,,,,,Lifetime,238,91,7,5,1,1,15,12,3,,,,,
122108395977149417,61584482528597,"Juankada Shann","Just me, my thoughts, and this view. 💖

Drop a ♥️ if you’re ready for more adorable content! Don’t forget to Follow! 🥰

#MoodCaptured #AestheticLife #SereneVibes #QuietMoments #VisualEscape #Juan365Studios #Juan365 #ALLINJUANLIVE #JuankadaHosts #Juankada #Nocopyright","Just me, my thoughts, and this view. 💖

Drop a ♥️ if you’re ready for more adorable content! Don’t forget to Follow! 🥰

#MoodCaptured #AestheticLife #SereneVibes #QuietMoments #VisualEscape #Juan365Studios #Juan365 #ALLINJUANLIVE #JuankadaHosts #Juankada #Nocopyright",11,"12/26/2025 19:28",N/A,https://www.facebook.com/reel/835697269256886/,0,0,Videos,,,,,Lifetime,119,95,4,4,0,0,4,4,,425.725,4.133,0,0,0
122108287137149417,61584482528597,"Juankada Shann","Bored? Cancelled ❌
Shanshines, let’s make today exciting! Play color game live and smile later 😁🔥

👉 Comment, tag your friends, and share this post ♥️

#NoBoredom #GoodDayPH #ViralContent #FYP2025 #TrendingPH #PinoyVibes #Juan365Live #PlayLive","Bored? Cancelled ❌
Shanshines, let’s make today exciting! Play color game live and smile later 😁🔥

👉 Comment, tag your friends, and share this post ♥️

#NoBoredom #GoodDayPH #ViralContent #FYP2025 #TrendingPH #PinoyVibes #Juan365Live #PlayLive",12,"12/26/2025 05:11",N/A,https://www.facebook.com/reel/1239422721570885/,0,0,Videos,,,,,Lifetime,198,122,8,8,0,0,2,2,,1134.633,7.934,0,0,0
122108226813149417,61584482528597,"Juankada Shann","Trending ang saya dito 😳🔥

Shanshines, tara na at makisabay! Play now ✨
👉 Comment “Juan365” smash ❤️ and follow me.

With  Juankada Jedi and Juankada Papa Joe 🤗 

#FYP #TrendingPH #GoodVibesOnly #ViralNow #PinoyVibes #GameTime #PlayAndWin #Juan365 #Juan365Live #Shanshines #ForYouPage","Trending ang saya dito 😳🔥

Shanshines, tara na at makisabay! Play now ✨
👉 Comment “Juan365” smash ❤️ and follow me.

With  @[61583996447175:2048:Juankada Jedi] and @[61584233476725:2048:Juankada Papa Joe] 🤗 

#FYP #TrendingPH #GoodVibesOnly #ViralNow #PinoyVibes #GameTime #PlayAndWin #Juan365 #Juan365Live #Shanshines #ForYouPage",15,"12/25/2025 23:05",N/A,https://www.facebook.com/reel/1986610588575434/,0,0,Videos,,,,,Lifetime,185,121,6,6,0,0,3,3,,1384.791,9.55,0,0,0
122108226315149417,61584482528597,"Juankada Shann",,,0,"12/25/2025 23:03",N/A,https://www.facebook.com/JuankadaShannOfficialPage/posts/pfbid02vBZruXeUhneGLL8oeBGzdUNuv2j8nZmRtf8WCn4nMPuUmGqZxSR7drpvqjehK9DUl,0,1,Photos,,,,,Lifetime,95,34,4,4,0,0,2,1,1,,,,,
122108226159149417,61584482528597,"Juankada Shann","Bet na at samahan ako sa saya at sa kasuwertihan",,0,"12/25/2025 23:01",N/A,https://www.facebook.com/JuankadaShannOfficialPage/posts/pfbid0newqvV7gWo1V92vDSm6dnc3qC6TZHmpF1dy5jZSfqYtutSy4MbwFCiLE5eLByD8fl,0,1,Text,,,,,Lifetime,,27,3,3,0,0,7,7,,,,,,
122108205765149417,61584482528597,"Juankada Shann","Hi Shanshines! 🍬😁

Free candy sinong may gusto!😋

Comment YES, tag your friends, at sabay-sabay tayong mag-enjoy!

#Shanshines #FreeCandy #GoodVibesOnly #EngageNow #CommentDown #TagYourFriends
#JuankadaShann #FollowNow #GoodVibesPH #TrendingPH #ViralPH #FBReelsPH  #ALLINJUANLIVE","Hi Shanshines! 🍬😁

Free candy sinong may gusto!😋

Comment YES, tag your friends, at sabay-sabay tayong mag-enjoy!

#Shanshines #FreeCandy #GoodVibesOnly #EngageNow #CommentDown #TagYourFriends
#JuankadaShann #FollowNow #GoodVibesPH #TrendingPH #ViralPH #FBReelsPH  #ALLINJUANLIVE",23,"12/25/2025 20:18",N/A,https://www.facebook.com/reel/827385063462892/,0,0,Videos,,,,,Lifetime,207,129,9,7,2,0,12,12,,1695.735,12.026,0,0,0
122107935801149417,61584482528597,"Juankada Shann",,,0,"12/24/2025 09:07",N/A,https://www.facebook.com/JuankadaShannOfficialPage/posts/pfbid024iHov58oVNMt8cYctCht4uBbL6obusYpL2MrbEQCsrdSv8tm6P94hGfvzb2TB4val,0,1,Videos,,,,,Lifetime,,30,5,4,1,0,2,2,,,,,,
122107935747149417,61584482528597,"Juankada Shann","Merry Christmas everyJUAN😘

#JuankadaShann #GoodVibesPH 
#Juan365Studios #Juan365 #ALLINJUANLIVE #JuankadaHosts #Shanshines",,0,"12/24/2025 09:07",N/A,https://www.facebook.com/JuankadaShannOfficialPage/posts/pfbid02e6UbfAqAZ7ys8xJLda8t4GzEx5dU7WrTvqXUFvgZxXNbVizDKN6hspdGNGHZvjrpl,0,1,Text,,,,,Lifetime,,29,5,5,0,0,3,3,,,,,,
122107847673149417,61584482528597,"Juankada Shann","Good vibes start here! Shanshines!!

Follow the page, 💗 , at share mo na rin.
Tag mo ang tropa mo at sama-sama tayo Shanshines ⭐✨

#JuankadaShann #FollowNow #GoodVibesPH #TrendingPH #ViralPH #FBReelsPH 
#Juan365Studios #Juan365 #ALLINJUANLIVE #JuankadaHosts #Shanshines","Good vibes start here! Shanshines!!

Follow the page, 💗 , at share mo na rin.
Tag mo ang tropa mo at sama-sama tayo Shanshines ⭐✨

#JuankadaShann #FollowNow #GoodVibesPH #TrendingPH #ViralPH #FBReelsPH 
#Juan365Studios #Juan365 #ALLINJUANLIVE #JuankadaHosts #Shanshines",8,"12/24/2025 02:08",N/A,https://www.facebook.com/reel/2709334939424814/,0,0,Videos,,,,,Lifetime,257,97,13,12,0,1,6,6,,1082.029,6.679,0,0,0
122107779567149417,61584482528597,"Juankada Shann","Main character energy on 🌟
Swipe ➡️ and feel the Juankada Shann vibe!

👉 Which photo is your fave? Comment below!

#Juan365Studios #Juan365 #ALLINJUANLIVE #JuankadaHosts #Juankada #MainCharacterVibes #JuankadaShann #Shanshines #ReelsPH #GoodEnergy",,0,"12/23/2025 20:15",N/A,https://www.facebook.com/JuankadaShannOfficialPage/posts/pfbid0bXxAWmHqQTtiW1nmW8e6STrBFRQyX8KyzrB9w1Re8e7aTSucq72fFwWc93zVQrfEl,0,0,Photos,,,,,Lifetime,85,32,6,6,0,0,6,3,3,,,,,
122107767351149417,61584482528597,"Juankada Shann",,,0,"12/23/2025 18:23",N/A,https://www.facebook.com/JuankadaShannOfficialPage/posts/pfbid02n5xtHHvgZ87ezx3nBPHCus2xNbByT6YTf2KJatGRxKg2FhT8EY3rjfjKYpYWwELZl,0,1,Videos,,,,,Lifetime,,22,6,6,0,0,0,,,,,,,
122107766613149417,61584482528597,"Juankada Shann","It’s you, Juankada Shann ✨
Maaga ang party, para ramdam na ang Pasko!
Kamusta Christmas niyo Shanshines?

👉 Share sa comment section, tag your friends, and follow for more good vibes!

#Juan365Studios #Juan365 #ALLINJUANLIVE #JuankadaHosts #Juankada  #ChristmasVibes #EarlyChristmas #HolidayFeels #PaskoNa #ReelsPH #FYP #ForYou #ViralPH #JuankadaShann #Shanshines","It’s you, Juankada Shann ✨
Maaga ang party, para ramdam na ang Pasko!
Kamusta Christmas niyo Shanshines?

👉 Share sa comment section, tag your friends, and follow for more good vibes!

#Juan365Studios #Juan365 #ALLINJUANLIVE #JuankadaHosts #Juankada  #ChristmasVibes #EarlyChristmas #HolidayFeels #PaskoNa #ReelsPH #FYP #ForYou #ViralPH #JuankadaShann #Shanshines",28,"12/23/2025 18:15",N/A,https://www.facebook.com/reel/2026690741460462/,0,0,Videos,,,,,Lifetime,269,92,25,19,5,1,11,11,,1884.864,8.766,0,0,0
122107626909149417,61584482528597,"Juankada Shann","Hi shanshines ✨ I’m Juankada Shann 💗
Good vibes, real feels this page is for you.

👉 Which photo do you like most?
👉 Tag your friends & follow for daily good vibes!

#JuankadaShann #Shanshines #GoodVibesOnly #FYP #ForYouPage #ReelsPH #CreatorPH #ViralPH #EngagementPost #Juan365Studios #Juan365 #ALLINJUANLIVE #JuankadaHosts #Juankada",,0,"12/23/2025 03:00",N/A,https://www.facebook.com/JuankadaShannOfficialPage/posts/pfbid0XvbXgFTsidAakRkhEoVZd2jgy8x4EdSN11gTJK6ouLnVcu8Sj9htWhVV4zrWaxPGl,0,0,Photos,,,,,Lifetime,106,39,7,7,0,0,9,3,6,,,,,
122107598817149417,61584482528597,"Juankada Shann","Hi shanshines 🌙 It’s your Juankada Shann. Parang opening scene ng paborito mong movie.  Smash ♥️ and follow now.","Hi shanshines ✨ It’s your Juankada Shann.
Parang opening scene ng paborito mong movie.

Smash ♥️ and follow now.

#Juan365Studios #Juan365 #ALLINJUANLIVE #JuankadaHosts #Juankada #foryoupage #reelsviral #phcontent #cinematiclife #aestheticvibes #creatorph #JuankadaShann #Shanshines",19,"12/23/2025 00:12",N/A,https://www.facebook.com/reel/2365544137228322/,0,0,Videos,,,,,Lifetime,342,116,22,16,3,3,18,18,,2525.401,10.35,0,0,0
122107556175149417,61584482528597,"Juankada Shann",,,0,"12/22/2025 18:11",N/A,https://www.facebook.com/JuankadaShannOfficialPage/posts/pfbid0nQ6RJA7S6ZbjeqAoGA1yuc7EeFANeME91BgFWuHdRhFDMudZxZmhywMpQA2gHN5ml,0,1,Text,,,,,Lifetime,,40,6,5,1,0,1,1,,,,,,
122107488525149417,61584482528597,"Juankada Shann","Lets g mga ka juankada umpisahan ng kulayan ng kasuwertihan ang ating mga kapalaran🌈",,0,"12/22/2025 10:31",N/A,https://www.facebook.com/JuankadaShannOfficialPage/posts/pfbid02MyXc2tuUwhe97dDVCSZtq42Q5EnMKeH2HUSdo2j3Ffwj3L44ztXDLPvFgHkntqbMl,0,1,Photos,,,,,Lifetime,74,31,3,3,0,0,3,2,1,,,,,
122107462635149417,61584482528597,"Juankada Shann","Juankada! Onting sandali nalang🤩",,0,"12/22/2025 09:35",N/A,https://www.facebook.com/JuankadaShannOfficialPage/posts/pfbid0NYjFsjF8bmqtHidWcpi9VF19S1KtwPgGdRyfwjmE125YSpyz2PRRUDKNpnzpXFz8l,0,1,Photos,,,,,Lifetime,50,26,4,4,0,0,11,9,2,,,,,
122107439499149417,61584482528597,"Juankada Shann","Handa na bang maging makulay ang o kulayan ang iniyong mga kapalan ng ka suwertihan dahil kung oo download na ng juan365 at sabay sabay tayo mag laro ng COLOR GAME! #Juan365 #juan365studio #Juankadahostshann",,0,"12/22/2025 07:24",N/A,https://www.facebook.com/JuankadaShannOfficialPage/posts/pfbid02BLP7ocu4j6bwN9v3UhWe9RQK8zar2zjdpMxnrCF6zytnM7QFBbhAwXwFKUAgR3JHl,0,1,Photos,,,,,Lifetime,42,23,3,3,0,0,4,2,2,,,,,
122107124751149417,61584482528597,"Juankada Shann","Juankada Shann updated their cover photo.",,0,"12/21/2025 00:12",N/A,https://www.facebook.com/photo.php?fbid=122107124751149417&set=a.122099315145149417&type=3,0,0,Photos,,,,,Lifetime,2,2,5,5,0,0,0,,,,,,,
122107105671149417,61584482528597,"Juankada Shann","Game na ba ang lahat for color game abangan😘
#JuanKada #Juan365 #juankadahostshann",,0,"12/20/2025 21:59",N/A,https://www.facebook.com/JuankadaShannOfficialPage/posts/pfbid037D6t3b1o5Tp793CyJEahZMipvZsYieNGvMwvFmTwxuN4oAqScmViZVtPxWLeowfJl,0,1,Text,,,,,Lifetime,,23,2,2,0,0,1,1,,,,,,
122107082565149417,61584482528597,"Juankada Shann","Juankada Shann🌈

#Juan365Studio #Juan365  #Juankadahostshann #AllInJuanSaSaya #Juan365Ph #Juankada",,0,"12/20/2025 19:35",N/A,https://www.facebook.com/photo.php?fbid=122107082565149417&set=a.122099314527149417&type=3,0,0,Photos,,,,,Lifetime,118,47,11,10,1,0,6,6,,,,,,
122106895425149417,61584482528597,"Juankada Shann",,,0,"12/19/2025 21:51",N/A,https://www.facebook.com/JuankadaShannOfficialPage/posts/pfbid037UW12AS1yUm8MZzbvTz5zUFpubgGeLhSUaBTKb2JghJC57wxRgr1YEZXGJSVuu99l,0,1,Videos,,,,,Lifetime,,18,1,1,0,0,1,1,,,,,,
122106895353149417,61584482528597,"Juankada Shann",,,0,"12/19/2025 21:51",N/A,https://www.facebook.com/JuankadaShannOfficialPage/posts/pfbid0C1G9YzUzf31m4cb1TfhpgjRAh5Dg3TS4jAgiELUnFoLBYTdSaxkFHNJAZJqjCFt6l,0,1,Photos,,,,,Lifetime,29,18,2,2,0,0,0,,,,,,,
